player_last_name,player_first_name,Rank,Team,Pos.,Rushes,TDs,Season,Week
Mathews, Ryan,1,PHI,RB,8,1,2016,1
Anderson, C.J.,2,DEN,RB,6,1,2016,1
Forte, Matt,3,NYJ,RB,6,0,2016,1
Hyde, Carlos,4,SF,RB,5,2,2016,1
Lacy, Eddie,5,GB,RB,5,0,2016,1
Freeman, Devonta,6,ATL,RB,4,0,2016,1
Yeldon, T.J.,7,JAX,RB,4,1,2016,1
Elliott, Ezekiel,8,DAL,RB,4,1,2016,1
Johnson, David,9,ARI,RB,4,1,2016,1
McCoy, LeSean,10,BUF,RB,3,1,2016,1
Gordon, Melvin,11,SD,RB,3,2,2016,1
Woodhead, Danny,12,SD,RB,3,0,2016,1
Crowell, Isaiah,13,CLE,RB,3,1,2016,1
Peterson, Adrian,14,MIN,RB,3,0,2016,1
Williams, DeAngelo,15,PIT,RB,3,2,2016,1
Hill, Jeremy,16,CIN,RB,3,1,2016,1
Martin, Doug,17,TB,RB,2,0,2016,1
Washington, Dwayne,18,DET,RB,2,1,2016,1
Draughn, Shaun,19,SF,RB,2,1,2016,1
Stewart, Jonathan,20,CAR,RB,2,0,2016,1
Tannehill, Ryan,21,MIA,QB,2,1,2016,1
Langford, Jeremy,22,CHI,RB,2,1,2016,1
Asiata, Matt,23,MIN,RB,2,0,2016,1
Miller, Lamar,24,HOU,RB,2,0,2016,1
Ware, Spencer,25,KC,RB,2,1,2016,1
Vereen, Shane,26,NYG,RB,2,0,2016,1
Tate, Golden,27,DET,WR,1,0,2016,1
Kuhn, John,28,NO,FB,1,0,2016,1
Murray, Latavius,29,OAK,RB,1,1,2016,1
Thompson, Chris,30,WAS,RB,1,1,2016,1
Powell, Bilal,31,NYJ,RB,1,0,2016,1
Taylor, Tyrod,32,BUF,QB,1,0,2016,1
Mariota, Marcus,33,TEN,QB,1,0,2016,1
Brees, Drew,34,NO,QB,1,0,2016,1
Olawale, Jamize,35,OAK,RB,1,1,2016,1
Starks, James,36,GB,RB,1,0,2016,1
Ferguson, Josh,37,IND,RB,1,0,2016,1
Newton, Cam,38,CAR,QB,1,1,2016,1
Murray, DeMarco,39,TEN,RB,1,0,2016,1
Johnson, Chris,40,ARI,RB,1,0,2016,1
Smith, Alex,41,KC,QB,1,1,2016,1
Washington, DeAndre,42,OAK,RB,1,0,2016,1
Fitzpatrick, Ryan,43,NYJ,QB,1,0,2016,1
Ingram, Mark,44,NO,RB,1,0,2016,1
Foster, Arian,45,MIA,RB,1,0,2016,1
Diggs, Stefon,46,MIN,WR,1,0,2016,1
Rawls, Thomas,47,SEA,RB,1,0,2016,1
Cobb, Randall,48,GB,WR,1,0,2016,1
Abdullah, Ameer,49,DET,RB,1,0,2016,1
Coleman, Tevin,50,ATL,RB,1,0,2016,1
Jones, Matt,51,WAS,RB,1,0,2016,1
Blount, LeGarrette,52,NE,RB,1,1,2016,1
West, Terrance,53,BAL,RB,1,0,2016,1
Forte, Matt,1,NYJ,RB,8,3,2016,2
Gordon, Melvin,2,SD,RB,8,1,2016,2
Johnson, Chris,3,ARI,RB,6,1,2016,2
Anderson, C.J.,4,DEN,RB,5,1,2016,2
Miller, Lamar,5,HOU,RB,5,0,2016,2
Sproles, Darren,6,PHI,RB,4,0,2016,2
Vereen, Shane,7,NYG,RB,4,0,2016,2
Coleman, Tevin,8,ATL,RB,4,1,2016,2
Hyde, Carlos,9,SF,RB,4,0,2016,2
Blount, LeGarrette,10,NE,RB,4,1,2016,2
Tolbert, Mike,11,CAR,FB,4,0,2016,2
Murray, Latavius,12,OAK,RB,3,1,2016,2
Freeman, Devonta,13,ATL,RB,3,0,2016,2
Mathews, Ryan,14,PHI,RB,3,2,2016,2
Jones, Matt,15,WAS,RB,3,1,2016,2
Barner, Kenjon,16,PHI,RB,2,0,2016,2
Lacy, Eddie,17,GB,RB,2,0,2016,2
Langford, Jeremy,18,CHI,RB,2,1,2016,2
Turbin, Robert,19,IND,RB,2,1,2016,2
Whittaker, Fozzy,20,CAR,RB,2,0,2016,2
Williams, DeAngelo,21,PIT,RB,2,0,2016,2
Starks, James,22,GB,RB,2,0,2016,2
Johnson, David,23,ARI,RB,2,0,2016,2
Elliott, Ezekiel,24,DAL,RB,2,1,2016,2
Gabbert, Blaine,25,SF,QB,1,1,2016,2
Abdullah, Ameer,26,DET,RB,1,0,2016,2
Crowell, Isaiah,27,CLE,RB,1,0,2016,2
Bernard, Gio,28,CIN,RB,1,0,2016,2
West, Terrance,29,BAL,RB,1,0,2016,2
Draughn, Shaun,30,SF,RB,1,0,2016,2
Sims, Charles,31,TB,RB,1,0,2016,2
Morris, Alfred,32,DAL,RB,1,1,2016,2
Miller, Braxton,33,HOU,WR,1,0,2016,2
Gurley, Todd,34,LAR,RB,1,0,2016,2
Riddick, Theo,35,DET,RB,1,0,2016,2
Dunbar, Lance,36,DAL,RB,1,0,2016,2
Booker, Devontae,37,DEN,RB,1,0,2016,2
Gore, Frank,38,IND,RB,1,0,2016,2
Henry, Derrick,39,TEN,RB,1,0,2016,2
Hill, Jeremy,40,CIN,RB,1,0,2016,2
Fitzpatrick, Ryan,41,NYJ,QB,1,0,2016,2
Farrow, Kenneth,42,SD,RB,1,0,2016,2
Drake, Kenyan,43,MIA,RB,1,1,2016,2
Newton, Cam,44,CAR,QB,1,0,2016,2
Rawls, Thomas,45,SEA,RB,1,0,2016,2
Hyde, Carlos,1,SF,RB,8,2,2016,3
Gurley, Todd,2,LAR,RB,7,2,2016,3
Blount, LeGarrette,3,NE,RB,6,1,2016,3
Johnson, David,4,ARI,RB,6,1,2016,3
Coleman, Tevin,5,ATL,RB,6,3,2016,3
Smallwood, Wendell,6,PHI,RB,4,1,2016,3
Hill, Jeremy,7,CIN,RB,3,2,2016,3
Freeman, Devonta,8,ATL,RB,3,0,2016,3
Sims, Charles,9,TB,RB,3,1,2016,3
Darkwa, Orleans,10,NYG,RB,3,1,2016,3
Gordon, Melvin,11,SD,RB,3,1,2016,3
Gore, Frank,12,IND,RB,2,1,2016,3
Ingram, Mark,13,NO,RB,2,0,2016,3
Murray, DeMarco,14,TEN,RB,2,1,2016,3
Bernard, Gio,15,CIN,RB,2,0,2016,3
Ware, Spencer,16,KC,RB,2,1,2016,3
Lacy, Eddie,17,GB,RB,2,0,2016,3
Howard, Jordan,18,CHI,RB,2,0,2016,3
Collins, Alex,19,SEA,RB,2,0,2016,3
Gillislee, Mike,20,BUF,RB,2,0,2016,3
McCoy, LeSean,21,BUF,RB,2,1,2016,3
Edelman, Julian,22,NE,WR,2,0,2016,3
Williams, DeAngelo,23,PIT,RB,2,0,2016,3
Kelley, Rob,24,WAS,RB,2,0,2016,3
Taylor, Tyrod,25,BUF,QB,2,1,2016,3
Anderson, C.J.,26,DEN,RB,2,0,2016,3
Jones, Matt,27,WAS,RB,2,0,2016,3
Forte, Matt,28,NYJ,RB,2,0,2016,3
Ajayi, Jay,29,MIA,RB,2,1,2016,3
Cooks, Brandin,30,NO,WR,1,0,2016,3
Morris, Alfred,31,DAL,RB,1,1,2016,3
Boykin, Trevone,32,SEA,QB,1,0,2016,3
McKinnon, Jerick,33,MIN,RB,1,0,2016,3
Prescott, Dak,34,DAL,QB,1,1,2016,3
Newton, Cam,35,CAR,QB,1,1,2016,3
Rodgers, Jacquizz,36,TB,RB,1,0,2016,3
Turbin, Robert,37,IND,RB,1,1,2016,3
Vereen, Shane,38,NYG,RB,1,1,2016,3
Ivory, Chris,39,JAX,RB,1,0,2016,3
Asiata, Matt,40,MIN,RB,1,0,2016,3
Ryan, Matt,41,ATL,QB,1,0,2016,3
Crowell, Isaiah,42,CLE,RB,1,0,2016,3
Whittaker, Fozzy,43,CAR,RB,1,0,2016,3
Pryor, Terrelle,44,CLE,QB,1,1,2016,3
Keenum, Case,45,LAR,QB,1,0,2016,3
Cousins, Kirk,46,WAS,QB,1,0,2016,3
Johnson, Duke,47,CLE,RB,1,0,2016,3
Yeldon, T.J.,48,JAX,RB,1,0,2016,3
Powell, Bilal,49,NYJ,RB,1,0,2016,3
Washington, Dwayne,50,DET,RB,1,0,2016,3
Ferguson, Josh,51,IND,RB,1,0,2016,3
Elliott, Ezekiel,52,DAL,RB,1,0,2016,3
Kuhn, John,53,NO,FB,1,1,2016,3
Riddick, Theo,54,DET,RB,1,0,2016,3
Dunbar, Lance,55,DAL,RB,1,1,2016,3
Janovich, Andy,56,DEN,FB,1,0,2016,3
Jones, Matt,1,WAS,RB,7,1,2016,4
Gordon, Melvin,2,SD,RB,6,2,2016,4
Murray, DeMarco,3,TEN,RB,5,1,2016,4
West, Terrance,4,BAL,RB,5,1,2016,4
Ingram, Mark,5,NO,RB,5,1,2016,4
Anderson, C.J.,6,DEN,RB,4,1,2016,4
Elliott, Ezekiel,7,DAL,RB,4,1,2016,4
Hyde, Carlos,8,SF,RB,3,1,2016,4
Ware, Spencer,9,KC,RB,3,0,2016,4
Gurley, Todd,10,LAR,RB,3,0,2016,4
McKinnon, Jerick,11,MIN,RB,3,1,2016,4
Freeman, Devonta,12,ATL,RB,3,1,2016,4
Lasco, Daniel,13,NO,RB,3,0,2016,4
Bernard, Gio,14,CIN,RB,3,0,2016,4
Howard, Jordan,15,CHI,RB,3,0,2016,4
Crowell, Isaiah,16,CLE,RB,2,1,2016,4
Gabbert, Blaine,17,SF,QB,2,0,2016,4
Kuhn, John,18,NO,FB,2,2,2016,4
Riddick, Theo,19,DET,RB,2,0,2016,4
Blount, LeGarrette,20,NE,RB,2,0,2016,4
Hightower, Tim,21,NO,RB,2,0,2016,4
Gore, Frank,22,IND,RB,2,1,2016,4
Hill, Jeremy,23,CIN,RB,2,0,2016,4
Darkwa, Orleans,24,NYG,RB,2,1,2016,4
Williams, DeAngelo,25,PIT,RB,1,1,2016,4
Coleman, Tevin,26,ATL,RB,1,0,2016,4
Miller, Lamar,27,HOU,RB,1,0,2016,4
Sims, Charles,28,TB,RB,1,0,2016,4
Lewis, Tommylee,29,NO,WR,1,0,2016,4
Turbin, Robert,30,IND,RB,1,0,2016,4
Forte, Matt,31,NYJ,RB,1,0,2016,4
Asiata, Matt,32,MIN,RB,1,1,2016,4
Flacco, Joe,33,BAL,QB,1,1,2016,4
Zenner, Zach,34,DET,FB,1,0,2016,4
Charles, Jamaal,35,KC,RB,1,0,2016,4
Allen, Javorius,36,BAL,RB,1,0,2016,4
Kelley, Rob,37,WAS,RB,1,0,2016,4
Booker, Devontae,38,DEN,RB,1,0,2016,4
Thompson, Chris,39,WAS,RB,1,0,2016,4
Bortles, Blake,40,JAX,QB,1,1,2016,4
Bibbs, Kapri,41,DEN,RB,1,0,2016,4
McCluster, Dexter,42,SD,WR,1,0,2016,4
Yeldon, T.J.,43,JAX,RB,1,0,2016,4
Johnson, David,44,ARI,RB,1,0,2016,4
Murray, Latavius,45,OAK,RB,1,0,2016,4
Dunbar, Lance,46,DAL,RB,1,0,2016,4
McCoy, LeSean,47,BUF,RB,1,0,2016,4
Johnson, David,1,ARI,RB,9,2,2016,5
Blount, LeGarrette,2,NE,RB,7,1,2016,5
Gurley, Todd,3,LAR,RB,6,1,2016,5
Ajayi, Jay,4,MIA,RB,5,1,2016,5
Freeman, Devonta,5,ATL,RB,5,1,2016,5
Hyde, Carlos,6,SF,RB,4,1,2016,5
McCoy, LeSean,7,BUF,RB,4,0,2016,5
McKinnon, Jerick,8,MIN,RB,4,0,2016,5
Gordon, Melvin,9,SD,RB,4,0,2016,5
Artis-Payne, Cameron,10,CAR,RB,3,2,2016,5
Zenner, Zach,11,DET,FB,3,0,2016,5
Howard, Jordan,12,CHI,RB,3,0,2016,5
Murray, DeMarco,13,TEN,RB,3,0,2016,5
Mathews, Ryan,14,PHI,RB,2,0,2016,5
Austin, Tavon,15,LAR,WR,2,0,2016,5
Rodgers, Jacquizz,16,TB,RB,2,0,2016,5
Washington, DeAndre,17,OAK,RB,2,0,2016,5
Dixon, Kenneth,18,BAL,RB,2,0,2016,5
Bell, LeVeon,19,PIT,RB,2,0,2016,5
Jones, Matt,20,WAS,RB,2,0,2016,5
Whittaker, Fozzy,21,CAR,RB,2,0,2016,5
Perkins, Paul,22,NYG,RB,2,0,2016,5
Morris, Alfred,23,DAL,RB,1,0,2016,5
West, Terrance,24,BAL,RB,1,0,2016,5
Asiata, Matt,25,MIN,RB,1,1,2016,5
Tate, Golden,26,DET,WR,1,0,2016,5
Forte, Matt,27,NYJ,RB,1,0,2016,5
Foster, D.J.,28,NE,RB,1,0,2016,5
Stafford, Matthew,29,DET,QB,1,0,2016,5
Prescott, Dak,30,DAL,QB,1,1,2016,5
Winston, Jameis,31,TB,QB,1,0,2016,5
Lacy, Eddie,32,GB,RB,1,0,2016,5
Carey, KaDeem,33,CHI,RB,1,0,2016,5
Mariota, Marcus,34,TEN,QB,1,1,2016,5
Starks, James,35,GB,RB,1,0,2016,5
Gillislee, Mike,36,BUF,RB,1,1,2016,5
Olawale, Jamize,37,OAK,RB,1,1,2016,5
Tolbert, Mike,38,CAR,FB,1,0,2016,5
Elliott, Ezekiel,39,DAL,RB,1,1,2016,5
Booker, Devontae,40,DEN,RB,1,0,2016,5
Gabbert, Blaine,41,SF,QB,1,1,2016,5
Sproles, Darren,42,PHI,RB,1,0,2016,5
Henry, Derrick,43,TEN,RB,1,0,2016,5
Crowell, Isaiah,44,CLE,RB,1,0,2016,5
Johnson, David,1,ARI,RB,7,2,2016,6
Ajayi, Jay,2,MIA,RB,6,1,2016,6
West, Terrance,3,BAL,RB,6,2,2016,6
McCoy, LeSean,4,BUF,RB,5,3,2016,6
Ware, Spencer,5,KC,RB,5,1,2016,6
Gordon, Melvin,6,SD,RB,5,0,2016,6
Murray, DeMarco,7,TEN,RB,4,1,2016,6
Bernard, Gio,8,CIN,RB,4,0,2016,6
Ingram, Mark,9,NO,RB,4,0,2016,6
Gurley, Todd,10,LAR,RB,4,0,2016,6
Gore, Frank,11,IND,RB,3,0,2016,6
Elliott, Ezekiel,12,DAL,RB,3,0,2016,6
Howard, Jordan,13,CHI,RB,3,1,2016,6
Miller, Lamar,14,HOU,RB,3,1,2016,6
Ivory, Chris,15,JAX,RB,3,1,2016,6
Charles, Jamaal,16,KC,RB,3,1,2016,6
Stewart, Jonathan,17,CAR,RB,3,2,2016,6
Jones, Matt,18,WAS,RB,2,1,2016,6
Morris, Alfred,19,DAL,RB,2,0,2016,6
Anderson, C.J.,20,DEN,RB,2,0,2016,6
Turbin, Robert,21,IND,RB,2,0,2016,6
Zenner, Zach,22,DET,FB,2,0,2016,6
Crowell, Isaiah,23,CLE,RB,2,0,2016,6
Blount, LeGarrette,24,NE,RB,2,1,2016,6
Williams, Damien,25,MIA,RB,2,1,2016,6
Mariota, Marcus,26,TEN,QB,2,0,2016,6
Hill, Jeremy,27,CIN,RB,2,0,2016,6
Foster, Arian,28,MIA,RB,2,0,2016,6
Rainey, Bobby,29,NYG,RB,1,0,2016,6
Osweiler, Brock,30,HOU,QB,1,0,2016,6
Draughn, Shaun,31,SF,RB,1,0,2016,6
Washington, DeAndre,32,OAK,RB,1,0,2016,6
Nelson, J.J.,33,ARI,WR,1,0,2016,6
Ripkowski, Aaron,34,GB,FB,1,0,2016,6
Rodgers, Aaron,35,GB,QB,1,0,2016,6
Poe, Dontari,36,KC,NT,1,1,2016,6
Newton, Cam,37,CAR,QB,1,1,2016,6
Whittaker, Fozzy,38,CAR,RB,1,0,2016,6
Kelley, Rob,39,WAS,RB,1,0,2016,6
Barner, Kenjon,40,PHI,RB,1,0,2016,6
Thompson, Chris,41,WAS,RB,1,0,2016,6
Johnson, Duke,42,CLE,RB,1,1,2016,6
Prescott, Dak,43,DAL,QB,1,0,2016,6
Carey, KaDeem,44,CHI,RB,1,0,2016,6
Sharpe, Tajae,45,TEN,WR,1,0,2016,6
West, Charcandrick,46,KC,RB,1,0,2016,6
Austin, Tavon,47,LAR,WR,1,0,2016,6
Kessler, Cody,48,CLE,QB,1,0,2016,6
Luck, Andrew,49,IND,QB,1,0,2016,6
Fleener, Coby,50,NO,TE,1,1,2016,6
Lacy, Eddie,51,GB,RB,1,0,2016,6
Cadet, Travaris,52,NO,RB,1,0,2016,6
Sproles, Darren,53,PHI,RB,1,0,2016,6
Gillislee, Mike,54,BUF,RB,1,0,2016,6
Jennings, Rashad,55,NYG,RB,1,0,2016,6
Brady, Tom,56,NE,QB,1,0,2016,6
Flacco, Joe,57,BAL,QB,1,0,2016,6
Collins, Alex,58,SEA,RB,1,1,2016,6
Dalton, Andy,59,CIN,QB,1,1,2016,6
Forte, Matt,1,NYJ,RB,7,1,2016,7
Rodgers, Jacquizz,2,TB,RB,5,0,2016,7
Murray, Latavius,3,OAK,RB,5,2,2016,7
Booker, Devontae,4,DEN,RB,5,1,2016,7
Murray, DeMarco,5,TEN,RB,5,1,2016,7
Blount, LeGarrette,6,NE,RB,4,2,2016,7
Anderson, C.J.,7,DEN,RB,4,1,2016,7
Johnson, David,8,ARI,RB,4,0,2016,7
Gore, Frank,9,IND,RB,4,0,2016,7
Gordon, Melvin,10,SD,RB,4,2,2016,7
Montgomery, Ty,11,GB,RB,4,0,2016,7
Ajayi, Jay,12,MIA,RB,3,1,2016,7
Asiata, Matt,13,MIN,RB,3,0,2016,7
Crowell, Isaiah,14,CLE,RB,3,1,2016,7
Ingram, Mark,15,NO,RB,3,0,2016,7
Jennings, Rashad,16,NYG,RB,3,1,2016,7
Bell, LeVeon,17,PIT,RB,3,0,2016,7
Freeman, Devonta,18,ATL,RB,2,0,2016,7
Olawale, Jamize,19,OAK,RB,2,0,2016,7
Jones, Matt,20,WAS,RB,2,0,2016,7
Ripkowski, Aaron,21,GB,FB,2,0,2016,7
Barber, Peyton,22,TB,RB,2,0,2016,7
Williams, Damien,23,MIA,RB,2,1,2016,7
Line, Zach,24,MIN,FB,1,0,2016,7
Miller, Lamar,25,HOU,RB,1,0,2016,7
Taylor, Tyrod,26,BUF,QB,1,1,2016,7
Bernard, Gio,27,CIN,RB,1,1,2016,7
Harris, DuJuan,28,SF,RB,1,0,2016,7
Cunningham, Benny,29,LAR,RB,1,0,2016,7
Turbin, Robert,30,IND,RB,1,0,2016,7
Ivory, Chris,31,JAX,RB,1,0,2016,7
Sproles, Darren,32,PHI,RB,1,0,2016,7
Tannehill, Ryan,33,MIA,QB,1,0,2016,7
Zenner, Zach,34,DET,FB,1,1,2016,7
Cobb, Randall,35,GB,WR,1,0,2016,7
Davis, Mike,36,SF,RB,1,1,2016,7
Gurley, Todd,37,LAR,RB,1,0,2016,7
Cousins, Kirk,38,WAS,QB,1,1,2016,7
Yeldon, T.J.,39,JAX,RB,1,0,2016,7
Perkins, Paul,40,NYG,RB,1,0,2016,7
Wentz, Carson,41,PHI,QB,1,0,2016,7
Janovich, Andy,42,DEN,FB,1,0,2016,7
McCoy, LeSean,43,BUF,RB,1,0,2016,7
Hightower, Tim,1,NO,RB,10,0,2016,8
Stewart, Jonathan,2,CAR,RB,7,2,2016,8
Booker, Devontae,3,DEN,RB,7,1,2016,8
Hill, Jeremy,4,CIN,RB,6,1,2016,8
Henry, Derrick,5,TEN,RB,6,1,2016,8
Newton, Cam,6,CAR,QB,5,0,2016,8
Howard, Jordan,7,CHI,RB,5,1,2016,8
Freeman, Devonta,8,ATL,RB,5,1,2016,8
Forte, Matt,9,NYJ,RB,5,2,2016,8
Kelley, Rob,10,WAS,RB,5,1,2016,8
Blount, LeGarrette,11,NE,RB,4,1,2016,8
Gordon, Melvin,12,SD,RB,4,0,2016,8
Murray, DeMarco,13,TEN,RB,4,1,2016,8
Asiata, Matt,14,MIN,RB,3,0,2016,8
Mathews, Ryan,15,PHI,RB,3,1,2016,8
Blue, Alfred,16,HOU,RB,3,0,2016,8
Miller, Lamar,17,HOU,RB,3,1,2016,8
Rodgers, Jacquizz,18,TB,RB,3,1,2016,8
Crowell, Isaiah,19,CLE,RB,3,1,2016,8
Williams, Jonathan,20,BUF,RB,2,1,2016,8
Prescott, Dak,21,DAL,QB,2,1,2016,8
Ripkowski, Aaron,22,GB,FB,2,0,2016,8
Ware, Spencer,23,KC,RB,2,0,2016,8
Elliott, Ezekiel,24,DAL,RB,2,0,2016,8
Sproles, Darren,25,PHI,RB,2,0,2016,8
Jackson, Don,26,GB,RB,1,0,2016,8
Morris, Alfred,27,DAL,RB,1,0,2016,8
Gillislee, Mike,28,BUF,RB,1,1,2016,8
Taylor, Tyrod,29,BUF,QB,1,0,2016,8
Bernard, Gio,30,CIN,RB,1,0,2016,8
West, Charcandrick,31,KC,RB,1,0,2016,8
Bush, Reggie,32,BUF,RB,1,0,2016,8
Farrow, Kenneth,33,SD,RB,1,0,2016,8
Thompson, Chris,34,WAS,RB,1,0,2016,8
Cousins, Kirk,35,WAS,QB,1,0,2016,8
Bortles, Blake,36,JAX,QB,1,0,2016,8
Thompson, Juwan,37,DEN,RB,1,1,2016,8
Carey, KaDeem,38,CHI,RB,1,0,2016,8
Gore, Frank,39,IND,RB,1,0,2016,8
Brees, Drew,40,NO,QB,1,1,2016,8
Ward, Terron,41,ATL,RB,1,0,2016,8
Tolbert, Mike,42,CAR,FB,1,0,2016,8
Dalton, Andy,43,CIN,QB,1,1,2016,8
Gordon, Melvin,1,SD,RB,10,1,2016,9
Asiata, Matt,2,MIN,RB,6,0,2016,9
Murray, Latavius,3,OAK,RB,6,3,2016,9
Freeman, Devonta,4,ATL,RB,5,0,2016,9
Mathews, Ryan,5,PHI,RB,4,1,2016,9
Elliott, Ezekiel,6,DAL,RB,4,2,2016,9
Ward, Terron,7,ATL,RB,4,0,2016,9
Powell, Bilal,8,NYJ,RB,3,0,2016,9
Stewart, Jonathan,9,CAR,RB,3,0,2016,9
Ajayi, Jay,10,MIA,RB,3,1,2016,9
Ingram, Mark,11,NO,RB,3,0,2016,9
Ivory, Chris,12,JAX,RB,2,0,2016,9
Sproles, Darren,13,PHI,RB,2,0,2016,9
Murray, DeMarco,14,TEN,RB,2,1,2016,9
Taylor, Tyrod,15,BUF,QB,2,1,2016,9
McKinnon, Jerick,16,MIN,RB,2,0,2016,9
McCoy, LeSean,17,BUF,RB,2,0,2016,9
Hightower, Tim,18,NO,RB,2,1,2016,9
Gore, Frank,19,IND,RB,2,2,2016,9
Davis, Mike,20,SF,RB,1,0,2016,9
Gurley, Todd,21,LAR,RB,1,0,2016,9
Gabriel, Taylor,22,ATL,WR,1,1,2016,9
Barner, Kenjon,23,PHI,RB,1,1,2016,9
Gillislee, Mike,24,BUF,RB,1,1,2016,9
Prescott, Dak,25,DAL,QB,1,0,2016,9
Barber, Peyton,26,TB,RB,1,0,2016,9
Newton, Cam,27,CAR,QB,1,0,2016,9
Wilson, Russell,28,SEA,QB,1,1,2016,9
Yeldon, T.J.,29,JAX,RB,1,0,2016,9
Ellison, Rhett,30,MIN,FB,1,1,2016,9
Felton, Jerome,31,BUF,FB,1,0,2016,9
Forte, Matt,32,NYJ,RB,1,0,2016,9
Turbin, Robert,33,IND,RB,1,0,2016,9
Mariota, Marcus,34,TEN,QB,1,1,2016,9
Jennings, Rashad,35,NYG,RB,1,0,2016,9
Montgomery, Ty,36,GB,RB,1,0,2016,9
Crowell, Isaiah,37,CLE,RB,1,0,2016,9
Wentz, Carson,38,PHI,QB,1,0,2016,9
Wilson, Albert,39,KC,WR,1,0,2016,9
West, Terrance,40,BAL,RB,1,0,2016,9
Williams, Damien,41,MIA,RB,1,0,2016,9
Prosise, C.J.,1,SEA,RB,8,0,2016,10
Blount, LeGarrette,2,NE,RB,7,3,2016,10
Mathews, Ryan,3,PHI,RB,7,2,2016,10
Booker, Devontae,4,DEN,RB,6,0,2016,10
Bell, LeVeon,5,PIT,RB,5,1,2016,10
Murray, DeMarco,6,TEN,RB,5,0,2016,10
Kelley, Rob,7,WAS,RB,4,0,2016,10
Gordon, Melvin,8,SD,RB,4,0,2016,10
Asiata, Matt,9,MIN,RB,4,1,2016,10
Martin, Doug,10,TB,RB,4,1,2016,10
West, Terrance,11,BAL,RB,4,0,2016,10
Johnson, David,12,ARI,RB,3,1,2016,10
Hill, Jeremy,13,CIN,RB,2,1,2016,10
Barber, Peyton,14,TB,RB,2,0,2016,10
Ajayi, Jay,15,MIA,RB,2,0,2016,10
Newton, Cam,16,CAR,QB,2,1,2016,10
Gurley, Todd,17,LAR,RB,2,0,2016,10
Smith, Alex,18,KC,QB,1,0,2016,10
Thompson, Chris,19,WAS,RB,1,0,2016,10
Bibbs, Kapri,20,DEN,RB,1,0,2016,10
Blue, Alfred,21,HOU,RB,1,0,2016,10
Mariota, Marcus,22,TEN,QB,1,0,2016,10
Freeman, Devonta,23,ATL,RB,1,0,2016,10
Kaepernick, Colin,24,SF,QB,1,1,2016,10
West, Charcandrick,25,KC,RB,1,0,2016,10
Elliott, Ezekiel,26,DAL,RB,1,1,2016,10
Hightower, Tim,27,NO,RB,1,0,2016,10
Perkins, Paul,28,NYG,RB,1,0,2016,10
Brady, Tom,29,NE,QB,1,0,2016,10
Forte, Matt,30,NYJ,RB,1,0,2016,10
Jennings, Rashad,31,NYG,RB,1,0,2016,10
Howard, Jordan,32,CHI,RB,1,0,2016,10
Ellington, Andre,33,ARI,RB,1,0,2016,10
Cunningham, Benny,34,LAR,RB,1,0,2016,10
Williams, Damien,35,MIA,RB,1,1,2016,10
Bell, LeVeon,1,PIT,RB,6,1,2016,11
Blount, LeGarrette,2,NE,RB,6,0,2016,11
Elliott, Ezekiel,3,DAL,RB,5,0,2016,11
Miller, Lamar,4,HOU,RB,5,1,2016,11
Martin, Doug,5,TB,RB,5,0,2016,11
Ware, Spencer,6,KC,RB,4,0,2016,11
Johnson, David,7,ARI,RB,4,1,2016,11
Stewart, Jonathan,8,CAR,RB,4,1,2016,11
Kelley, Rob,9,WAS,RB,4,2,2016,11
Hill, Jeremy,10,CIN,RB,4,0,2016,11
Hunt, Akeem,11,HOU,RB,3,0,2016,11
Turbin, Robert,12,IND,RB,2,1,2016,11
McCoy, LeSean,13,BUF,RB,2,1,2016,11
Hyde, Carlos,14,SF,RB,2,0,2016,11
Rawls, Thomas,15,SEA,RB,2,0,2016,11
Smallwood, Wendell,16,PHI,RB,2,0,2016,11
Gore, Frank,17,IND,RB,2,0,2016,11
Ivory, Chris,18,JAX,RB,2,0,2016,11
Langford, Jeremy,19,CHI,RB,2,1,2016,11
Murray, DeMarco,20,TEN,RB,2,0,2016,11
Cooks, Brandin,21,NO,WR,2,0,2016,11
McKinnon, Jerick,22,MIN,RB,2,0,2016,11
Murray, Latavius,23,OAK,RB,2,0,2016,11
Ellington, Andre,24,ARI,RB,2,0,2016,11
Gillislee, Mike,25,BUF,RB,2,0,2016,11
Yeldon, T.J.,26,JAX,RB,1,0,2016,11
Kelce, Travis,27,KC,TE,1,0,2016,11
Mathews, Ryan,28,PHI,RB,1,0,2016,11
Taylor, Tyrod,29,BUF,QB,1,0,2016,11
Harris, DuJuan,30,SF,RB,1,0,2016,11
Newton, Cam,31,CAR,QB,1,0,2016,11
Hightower, Tim,32,NO,RB,1,0,2016,11
Asiata, Matt,33,MIN,RB,1,1,2016,11
Jennings, Rashad,34,NYG,RB,1,1,2016,11
Montgomery, Ty,35,GB,RB,1,0,2016,11
Crowell, Isaiah,36,CLE,RB,1,0,2016,11
West, Terrance,37,BAL,RB,1,1,2016,11
Starks, James,38,GB,RB,1,0,2016,11
Brees, Drew,39,NO,QB,1,0,2016,11
Olawale, Jamize,40,OAK,RB,1,0,2016,11
Dalton, Andy,41,CIN,QB,1,1,2016,11
Lewis, Dion,42,NE,RB,1,0,2016,11
Kuhn, John,43,NO,FB,1,0,2016,11
Ginn, Ted,44,CAR,WR,1,1,2016,11
Riddick, Theo,45,DET,RB,1,0,2016,11
Ebron, Eric,46,DET,TE,1,1,2016,11
Hill, Tyreek,47,KC,WR,1,0,2016,11
Stewart, Jonathan,1,CAR,RB,8,2,2016,12
Murray, Latavius,2,OAK,RB,7,1,2016,12
Freeman, Devonta,3,ATL,RB,6,2,2016,12
Murray, DeMarco,4,TEN,RB,4,0,2016,12
Hightower, Tim,5,NO,RB,4,0,2016,12
Hyde, Carlos,6,SF,RB,4,0,2016,12
McCoy, LeSean,7,BUF,RB,4,1,2016,12
Ingram, Mark,8,NO,RB,4,1,2016,12
Lewis, Dion,9,NE,RB,3,0,2016,12
Ajayi, Jay,10,MIA,RB,3,1,2016,12
Elliott, Ezekiel,11,DAL,RB,3,2,2016,12
West, Terrance,12,BAL,RB,3,0,2016,12
Johnson, David,13,ARI,RB,3,0,2016,12
Martin, Doug,14,TB,RB,3,0,2016,12
Miller, Lamar,15,HOU,RB,3,0,2016,12
Barber, Peyton,16,TB,RB,2,0,2016,12
Powell, Bilal,17,NYJ,RB,2,0,2016,12
Gore, Frank,18,IND,RB,2,0,2016,12
McKinnon, Jerick,19,MIN,RB,2,0,2016,12
Henry, Derrick,20,TEN,RB,2,1,2016,12
Hill, Jeremy,21,CIN,RB,2,0,2016,12
Starks, James,22,GB,RB,2,0,2016,12
Ripkowski, Aaron,23,GB,FB,2,1,2016,12
Howard, Jordan,24,CHI,RB,2,0,2016,12
Ivory, Chris,25,JAX,RB,2,1,2016,12
Booker, Devontae,26,DEN,RB,2,0,2016,12
Tolzien, Scott,27,IND,QB,2,0,2016,12
Bibbs, Kapri,28,DEN,RB,2,0,2016,12
Riddick, Theo,29,DET,RB,1,0,2016,12
Osweiler, Brock,30,HOU,QB,1,1,2016,12
Siemian, Trevor,31,DEN,QB,1,0,2016,12
Coleman, Tevin,32,ATL,RB,1,1,2016,12
Prescott, Dak,33,DAL,QB,1,1,2016,12
Newton, Cam,34,CAR,QB,1,1,2016,12
Asiata, Matt,35,MIN,RB,1,1,2016,12
Sproles, Darren,36,PHI,RB,1,0,2016,12
Bell, LeVeon,37,PIT,RB,1,1,2016,12
Jennings, Rashad,38,NYG,RB,1,0,2016,12
Williams, Jonathan,39,BUF,RB,1,0,2016,12
Crowell, Isaiah,40,CLE,RB,1,0,2016,12
Blount, LeGarrette,41,NE,RB,1,0,2016,12
Ware, Spencer,42,KC,RB,1,0,2016,12
Kelley, Rob,43,WAS,RB,1,0,2016,12
Thompson, Chris,44,WAS,RB,1,0,2016,12
Kaepernick, Colin,45,SF,QB,1,0,2016,12
Brees, Drew,46,NO,QB,1,1,2016,12
Miller, Braxton,47,HOU,WR,1,0,2016,12
Hill, Tyreek,48,KC,WR,1,1,2016,12
Hill, Jeremy,1,CIN,RB,9,1,2016,13
Freeman, Devonta,2,ATL,RB,5,2,2016,13
Murray, Latavius,3,OAK,RB,5,2,2016,13
Gillislee, Mike,4,BUF,RB,5,2,2016,13
Ferguson, Josh,5,IND,RB,4,0,2016,13
Coleman, Tevin,6,ATL,RB,4,0,2016,13
Johnson, David,7,ARI,RB,3,1,2016,13
Kelley, Rob,8,WAS,RB,3,0,2016,13
Richard, Jalen,9,OAK,RB,3,0,2016,13
Hyde, Carlos,10,SF,RB,3,0,2016,13
Martin, Doug,11,TB,RB,3,1,2016,13
Rawls, Thomas,12,SEA,RB,3,1,2016,13
Sproles, Darren,13,PHI,RB,3,1,2016,13
Howard, Jordan,14,CHI,RB,3,3,2016,13
Gore, Frank,15,IND,RB,3,0,2016,13
Booker, Devontae,16,DEN,RB,2,1,2016,13
Harris, DuJuan,17,SF,RB,2,0,2016,13
Pope, Troymaine,18,SEA,RB,2,0,2016,13
Turbin, Robert,19,IND,RB,2,1,2016,13
Ware, Spencer,20,KC,RB,2,1,2016,13
McCoy, LeSean,21,BUF,RB,2,0,2016,13
Jennings, Rashad,22,NYG,RB,1,0,2016,13
Ingram, Mark,23,NO,RB,1,0,2016,13
West, Terrance,24,BAL,RB,1,1,2016,13
Forte, Matt,25,NYJ,RB,1,0,2016,13
Rodgers, Jacquizz,26,TB,RB,1,0,2016,13
Hill, Tyreek,27,KC,WR,1,0,2016,13
Cunningham, Benny,28,LAR,RB,1,0,2016,13
Cousins, Kirk,29,WAS,QB,1,1,2016,13
Barber, Peyton,30,TB,RB,1,0,2016,13
Felton, Jerome,31,BUF,FB,1,0,2016,13
Newton, Cam,32,CAR,QB,1,0,2016,13
Gordon, Melvin,33,SD,RB,1,1,2016,13
Langford, Jeremy,34,CHI,RB,1,0,2016,13
Kaepernick, Colin,35,SF,QB,1,0,2016,13
Grimes, Jonathan,36,HOU,RB,1,0,2016,13
Farmer, George,37,SEA,RB,1,0,2016,13
Elliott, Ezekiel,38,DAL,RB,1,1,2016,13
Lewis, Dion,39,NE,RB,1,0,2016,13
Kuhn, John,40,NO,FB,1,1,2016,13
Ripkowski, Aaron,41,GB,FB,1,1,2016,13
Riddick, Theo,42,DET,RB,1,0,2016,13
Taylor, Tyrod,43,BUF,QB,1,1,2016,13
Miller, Lamar,44,HOU,RB,1,0,2016,13
Ellington, Andre,45,ARI,RB,1,0,2016,13
Carr, Derek,46,OAK,QB,1,0,2016,13
Brady, Tom,47,NE,QB,1,0,2016,13
Bell, LeVeon,1,PIT,RB,9,3,2016,14
Asiata, Matt,2,MIN,RB,9,1,2016,14
Hill, Jeremy,3,CIN,RB,6,1,2016,14
Miller, Lamar,4,HOU,RB,5,1,2016,14
Stewart, Jonathan,5,CAR,RB,5,1,2016,14
Blue, Alfred,6,HOU,RB,5,0,2016,14
Blount, LeGarrette,7,NE,RB,4,1,2016,14
Murray, Latavius,8,OAK,RB,4,1,2016,14
Gurley, Todd,9,LAR,RB,3,1,2016,14
Murray, DeMarco,10,TEN,RB,3,1,2016,14
Martin, Doug,11,TB,RB,3,1,2016,14
Powell, Bilal,12,NYJ,RB,3,2,2016,14
McCoy, LeSean,13,BUF,RB,2,1,2016,14
Coleman, Tevin,14,ATL,RB,2,1,2016,14
McKinnon, Jerick,15,MIN,RB,2,0,2016,14
Farrow, Kenneth,16,SD,RB,2,0,2016,14
White, James,17,NE,RB,2,0,2016,14
Dixon, Kenneth,18,BAL,RB,2,0,2016,14
Rawls, Thomas,19,SEA,RB,2,0,2016,14
Montgomery, Ty,20,GB,RB,2,1,2016,14
Crowell, Isaiah,21,CLE,RB,2,0,2016,14
Williams, Damien,22,MIA,RB,2,0,2016,14
Kelley, Rob,23,WAS,RB,2,0,2016,14
Forsett, Justin,24,DEN,RB,2,0,2016,14
Gore, Frank,25,IND,RB,2,0,2016,14
Washington, Dwayne,26,DET,RB,2,0,2016,14
Henry, Derrick,27,TEN,RB,2,0,2016,14
Ingram, Mark,28,NO,RB,1,0,2016,14
Huff, Josh,29,TB,WR,1,0,2016,14
Smallwood, Wendell,30,PHI,RB,1,0,2016,14
Ware, Spencer,31,KC,RB,1,0,2016,14
Griffin, Robert,32,CLE,QB,1,1,2016,14
Mathews, Ryan,33,PHI,RB,1,0,2016,14
Turbin, Robert,34,IND,RB,1,0,2016,14
Lockett, Tyler,35,SEA,WR,1,0,2016,14
Kuhn, John,36,NO,FB,1,0,2016,14
Newton, Cam,37,CAR,QB,1,0,2016,14
Yeldon, T.J.,38,JAX,RB,1,0,2016,14
West, Charcandrick,39,KC,RB,1,1,2016,14
Johnson, David,40,ARI,RB,1,0,2016,14
Freeman, Devonta,41,ATL,RB,1,0,2016,14
Ajayi, Jay,42,MIA,RB,1,0,2016,14
Petty, Bryce,43,NYJ,QB,1,0,2016,14
Goff, Jared,44,LAR,QB,1,1,2016,14
Drake, Kenyan,45,MIA,RB,1,0,2016,14
Sproles, Darren,46,PHI,RB,1,0,2016,14
Brees, Drew,47,NO,QB,1,0,2016,14
Zenner, Zach,48,DET,FB,1,0,2016,14
Burkhead, Rex,49,CIN,RB,1,0,2016,14
Howard, Jordan,50,CHI,RB,1,0,2016,14
Hightower, Tim,51,NO,RB,1,0,2016,14
Draughn, Shaun,52,SF,RB,1,1,2016,14
Hill, Jeremy,1,CIN,RB,7,1,2016,15
Rawls, Thomas,2,SEA,RB,5,0,2016,15
Burkhead, Rex,3,CIN,RB,5,0,2016,15
Montgomery, Ty,4,GB,RB,5,2,2016,15
Freeman, Devonta,5,ATL,RB,5,2,2016,15
Henry, Derrick,6,TEN,RB,5,2,2016,15
Hightower, Tim,7,NO,RB,4,2,2016,15
Bell, LeVeon,8,PIT,RB,4,0,2016,15
Murray, Latavius,9,OAK,RB,4,0,2016,15
Ware, Spencer,10,KC,RB,4,0,2016,15
Miller, Lamar,11,HOU,RB,4,1,2016,15
Howard, Jordan,12,CHI,RB,4,1,2016,15
McCoy, LeSean,13,BUF,RB,3,2,2016,15
Mathews, Ryan,14,PHI,RB,3,1,2016,15
Marshall, Byron,15,PHI,WR,3,0,2016,15
Turbin, Robert,16,IND,RB,3,2,2016,15
Williams, Jonathan,17,BUF,RB,3,0,2016,15
Johnson, David,18,ARI,RB,3,2,2016,15
Elliott, Ezekiel,19,DAL,RB,3,0,2016,15
Stewart, Jonathan,20,CAR,RB,3,0,2016,15
Todman, Jordan,21,IND,RB,3,0,2016,15
Perkins, Paul,22,NYG,RB,3,0,2016,15
Gore, Frank,23,IND,RB,2,0,2016,15
Ferguson, Josh,24,IND,RB,2,0,2016,15
Blount, LeGarrette,25,NE,RB,2,1,2016,15
Hunt, Akeem,26,HOU,RB,2,1,2016,15
Coleman, Tevin,27,ATL,RB,2,0,2016,15
Martin, Doug,28,TB,RB,2,0,2016,15
Taylor, Tyrod,29,BUF,QB,2,0,2016,15
Ingram, Mark,30,NO,RB,2,0,2016,15
Powell, Bilal,31,NYJ,RB,2,0,2016,15
Williams, Damien,32,MIA,RB,2,0,2016,15
Gillislee, Mike,33,BUF,RB,2,1,2016,15
Gurley, Todd,34,LAR,RB,2,0,2016,15
Ajayi, Jay,35,MIA,RB,2,0,2016,15
Johnson, Duke,36,CLE,RB,1,0,2016,15
Reece, Marcel,37,SEA,FB,1,0,2016,15
Carey, KaDeem,38,CHI,RB,1,0,2016,15
Fuller, Will,39,HOU,WR,1,0,2016,15
Sims, Charles,40,TB,RB,1,0,2016,15
Tolbert, Mike,41,CAR,FB,1,0,2016,15
Dalton, Andy,42,CIN,QB,1,1,2016,15
Ivory, Chris,43,JAX,RB,1,0,2016,15
Thomas, DeAnthony,44,KC,RB,1,0,2016,15
Dixon, Kenneth,45,BAL,RB,1,1,2016,15
White, James,46,NE,RB,1,0,2016,15
Zenner, Zach,47,DET,FB,1,0,2016,15
Coates, Sammie,48,PIT,WR,1,0,2016,15
Manuel, EJ,49,BUF,QB,1,0,2016,15
Prescott, Dak,50,DAL,QB,1,1,2016,15
Lewis, Dion,51,NE,RB,1,0,2016,15
Crowell, Isaiah,52,CLE,RB,1,0,2016,15
West, Terrance,53,BAL,RB,1,0,2016,15
Richard, Jalen,54,OAK,RB,1,0,2016,15
West, Charcandrick,55,KC,RB,1,0,2016,15
McFadden, Darren,56,DAL,RB,1,0,2016,15
Whittaker, Fozzy,57,CAR,RB,1,0,2016,15
Kelley, Rob,58,WAS,RB,1,1,2016,15
Bortles, Blake,59,JAX,QB,1,0,2016,15
Forsett, Justin,60,DEN,RB,1,0,2016,15
Blount, LeGarrette,1,NE,RB,15,2,2016,16
Johnson, David,2,ARI,RB,7,3,2016,16
Kelley, Rob,3,WAS,RB,6,0,2016,16
Ajayi, Jay,4,MIA,RB,6,1,2016,16
McCoy, LeSean,5,BUF,RB,5,1,2016,16
West, Charcandrick,6,KC,RB,5,0,2016,16
Ingram, Mark,7,NO,RB,5,2,2016,16
West, Terrance,8,BAL,RB,4,0,2016,16
Zenner, Zach,9,DET,FB,4,2,2016,16
Gurley, Todd,10,LAR,RB,4,1,2016,16
Wilson, Russell,11,SEA,QB,4,0,2016,16
Farrow, Kenneth,12,SD,RB,4,0,2016,16
Mathews, Ryan,13,PHI,RB,4,0,2016,16
Lewis, Dion,14,NE,RB,4,0,2016,16
Blue, Alfred,15,HOU,RB,3,0,2016,16
Collins, Alex,16,SEA,RB,3,0,2016,16
Crowell, Isaiah,17,CLE,RB,3,2,2016,16
Rawls, Thomas,18,SEA,RB,2,0,2016,16
Taylor, Tyrod,19,BUF,QB,2,0,2016,16
Rodgers, Jacquizz,20,TB,RB,2,1,2016,16
Henry, Derrick,21,TEN,RB,2,0,2016,16
Jennings, Rashad,22,NYG,RB,2,0,2016,16
Grant, Corey,23,JAX,RB,2,0,2016,16
Hillman, Ronnie,24,SD,RB,2,0,2016,16
Cousins, Kirk,25,WAS,QB,2,2,2016,16
Freeman, Devonta,26,ATL,RB,2,0,2016,16
Elliott, Ezekiel,27,DAL,RB,2,1,2016,16
Murray, DeMarco,28,TEN,RB,2,0,2016,16
Brown, Mack,29,WAS,RB,2,0,2016,16
Murray, Latavius,30,OAK,RB,2,0,2016,16
Baldwin, Doug,31,SEA,WR,1,0,2016,16
Newton, Cam,32,CAR,QB,1,0,2016,16
Thompson, Chris,33,WAS,RB,1,1,2016,16
Langford, Jeremy,34,CHI,RB,1,1,2016,16
Forsett, Justin,35,DEN,RB,1,1,2016,16
Bush, Reggie,36,BUF,RB,1,0,2016,16
Smith, Alex,37,KC,QB,1,1,2016,16
McKinnon, Jerick,38,MIN,RB,1,0,2016,16
Stafford, Matthew,39,DET,QB,1,1,2016,16
Thielen, Adam,40,MIN,WR,1,0,2016,16
Washington, Dwayne,41,DET,RB,1,0,2016,16
Bell, LeVeon,42,PIT,RB,1,1,2016,16
Drake, Kenyan,43,MIA,RB,1,0,2016,16
Juszczyk, Kyle,44,BAL,RB,1,1,2016,16
Asiata, Matt,45,MIN,RB,1,0,2016,16
Ivory, Chris,46,JAX,RB,1,1,2016,16
Richard, Jalen,47,OAK,RB,1,0,2016,16
Howard, Jordan,48,CHI,RB,1,0,2016,16
Turbin, Robert,49,IND,RB,1,0,2016,16
Burkhead, Rex,1,CIN,RB,8,2,2016,17
Powell, Bilal,2,NYJ,RB,7,0,2016,17
Draughn, Shaun,3,SF,RB,5,2,2016,17
Jennings, Rashad,4,NYG,RB,5,1,2016,17
West, Charcandrick,5,KC,RB,5,0,2016,17
Ingram, Mark,6,NO,RB,5,1,2016,17
Booker, Devontae,7,DEN,RB,4,1,2016,17
Blount, LeGarrette,8,NE,RB,4,1,2016,17
McKinnon, Jerick,9,MIN,RB,4,1,2016,17
Blue, Alfred,10,HOU,RB,4,0,2016,17
Williams, Kerwynn,11,ARI,RB,4,1,2016,17
Stewart, Jonathan,12,CAR,RB,4,1,2016,17
Lewis, Dion,13,NE,RB,4,0,2016,17
Freeman, Devonta,14,ATL,RB,3,0,2016,17
Rawls, Thomas,15,SEA,RB,3,1,2016,17
Harris, DuJuan,16,SF,RB,3,0,2016,17
Gillislee, Mike,17,BUF,RB,3,1,2016,17
Watson, Terrell,18,PHI,RB,3,1,2016,17
Kelley, Rob,19,WAS,RB,2,0,2016,17
Crowell, Isaiah,20,CLE,RB,2,0,2016,17
Wilds, Brandon,21,NYJ,RB,2,0,2016,17
Atkinson, George,22,CLE,RB,2,1,2016,17
Henry, Derrick,23,TEN,RB,2,1,2016,17
Perkins, Paul,24,NYG,RB,2,0,2016,17
Howard, Jordan,25,CHI,RB,2,0,2016,17
Ellington, Andre,26,ARI,RB,2,0,2016,17
Dixon, Kenneth,27,BAL,RB,2,1,2016,17
Williams, DeAngelo,28,PIT,RB,2,1,2016,17
Asiata, Matt,29,MIN,RB,2,0,2016,17
Sproles, Darren,30,PHI,RB,2,0,2016,17
Zenner, Zach,31,DET,FB,2,1,2016,17
Burks, Brandon,32,NYJ,RB,2,0,2016,17
Hill, Tyreek,33,KC,WR,1,0,2016,17
Bellamy, Josh,34,CHI,WR,1,0,2016,17
Coleman, Tevin,35,ATL,RB,1,0,2016,17
Langford, Jeremy,36,CHI,RB,1,0,2016,17
Austin, Tavon,37,LAR,WR,1,0,2016,17
Smith, Alex,38,KC,QB,1,1,2016,17
Newton, Cam,39,CAR,QB,1,0,2016,17
Wilson, Russell,40,SEA,QB,1,0,2016,17
Turbin, Robert,41,IND,RB,1,1,2016,17
Rodgers, Jacquizz,42,TB,RB,1,0,2016,17
Hightower, Tim,43,NO,RB,1,1,2016,17
White, James,44,NE,RB,1,0,2016,17
Peerman, Cedric,45,CIN,RB,1,0,2016,17
Montgomery, Ty,46,GB,RB,1,0,2016,17
Williams, Jonathan,47,BUF,RB,1,0,2016,17
Michael, Christine,48,GB,RB,1,0,2016,17
Jones, Cardale,49,BUF,QB,1,0,2016,17
West, Terrance,50,BAL,RB,1,0,2016,17
McFadden, Darren,51,DAL,RB,1,0,2016,17
Gurley, Todd,52,LAR,RB,1,0,2016,17
Hillman, Ronnie,53,SD,RB,1,0,2016,17
Whittaker, Fozzy,54,CAR,RB,1,0,2016,17
Richardson, Paul,55,SEA,WR,1,0,2016,17
Thompson, Juwan,56,DEN,RB,1,0,2016,17
Johnson, David,57,ARI,RB,1,0,2016,17
Felton, Jerome,58,BUF,FB,1,0,2016,17
Williams, Andre,59,SD,RB,1,0,2016,17
Mostert, Raheem,60,SF,RB,1,0,2016,17
Murray, DeMarco,61,TEN,RB,1,0,2016,17
Ripkowski, Aaron,62,GB,FB,1,0,2016,17
Gillislee, Mike,1,NE,RB,8,3,2017,1
White, James,2,NE,RB,6,0,2017,1
Fournette, Leonard,3,JAX,RB,6,1,2017,1
Anderson, C.J.,4,DEN,RB,5,0,2017,1
McCoy, LeSean,5,BUF,RB,5,0,2017,1
Charles, Jamaal,6,DEN,RB,4,0,2017,1
Brown, Malcolm,7,LAR,RB,3,1,2017,1
Abdullah, Ameer,8,DET,RB,3,0,2017,1
Bell, LeVeon,9,PIT,RB,3,0,2017,1
Mack, Marlon,10,IND,RB,3,1,2017,1
Lynch, Marshawn,11,OAK,RB,3,0,2017,1
Elliott, Ezekiel,12,DAL,RB,2,0,2017,1
Bernard, Gio,13,CIN,RB,2,0,2017,1
Ingram, Mark,14,NO,RB,2,0,2017,1
Tolbert, Mike,15,BUF,FB,2,1,2017,1
Kamara, Alvin,16,NO,RB,2,0,2017,1
Crowell, Isaiah,17,CLE,RB,2,0,2017,1
Cook, Dalvin,18,MIN,RB,2,0,2017,1
West, Terrance,19,BAL,RB,2,1,2017,1
Gurley, Todd,20,LAR,RB,2,1,2017,1
Gordon, Melvin,21,LAC,RB,2,0,2017,1
Freeman, Devonta,22,ATL,RB,2,1,2017,1
Washington, Dwayne,23,DET,RB,2,0,2017,1
Stewart, Jonathan,24,CAR,RB,2,0,2017,1
Morris, Alfred,25,DAL,RB,2,0,2017,1
Blount, LeGarrette,26,PHI,RB,2,0,2017,1
Perkins, Paul,27,NYG,RB,2,0,2017,1
Hunt, Kareem,28,KC,RB,2,1,2017,1
Cohen, Tarik,29,CHI,RB,1,0,2017,1
McCown, Josh,30,NYJ,QB,1,1,2017,1
Williams, Kerwynn,31,ARI,RB,1,1,2017,1
Howard, Jordan,32,CHI,RB,1,0,2017,1
Carson, Chris,33,SEA,RB,1,0,2017,1
Hyde, Carlos,34,SF,RB,1,0,2017,1
Murray, DeMarco,35,TEN,RB,1,0,2017,1
Dayes, Matt,36,CLE,RB,1,0,2017,1
McCaffrey, Christian,37,CAR,RB,1,0,2017,1
Mariota, Marcus,38,TEN,QB,1,1,2017,1
Murray, Latavius,39,MIN,RB,1,0,2017,1
Ivory, Chris,40,JAX,RB,1,0,2017,1
Turbin, Robert,41,IND,RB,1,0,2017,1
Bohanon, Tommy,42,JAX,FB,1,0,2017,1
Kizer, DeShone,43,CLE,QB,1,1,2017,1
Woodhead, Danny,44,BAL,RB,1,0,2017,1
Newton, Cam,45,CAR,QB,1,0,2017,1
McKinnon, Jerick,46,MIN,RB,1,0,2017,1
Montgomery, Ty,47,GB,RB,1,1,2017,1
Lacy, Eddie,48,SEA,RB,1,0,2017,1
Hill, Jeremy,49,CIN,RB,1,0,2017,1
Burkhead, Rex,50,NE,RB,1,0,2017,1
Ginn, Ted,51,NO,WR,1,0,2017,1
Allen, Javorius,52,BAL,RB,1,0,2017,1
Rodgers, Jacquizz,1,TB,RB,7,1,2017,2
Henry, Derrick,2,TEN,RB,5,1,2017,2
Anderson, C.J.,3,DEN,RB,5,0,2017,2
Gillislee, Mike,4,NE,RB,5,1,2017,2
Perine, Samaje,5,WAS,RB,5,0,2017,2
Bell, LeVeon,6,PIT,RB,5,0,2017,2
Foreman, DOnta,7,HOU,RB,4,0,2017,2
Gore, Frank,8,IND,RB,4,1,2017,2
Hill, Jeremy,9,CIN,RB,3,0,2017,2
Hunt, Kareem,10,KC,RB,3,1,2017,2
Williams, Kerwynn,11,ARI,RB,3,0,2017,2
Gurley, Todd,12,LAR,RB,3,1,2017,2
Lynch, Marshawn,13,OAK,RB,3,1,2017,2
Washington, Dwayne,14,DET,RB,2,0,2017,2
Sproles, Darren,15,PHI,RB,2,0,2017,2
Rawls, Thomas,16,SEA,RB,2,0,2017,2
Kelley, Rob,17,WAS,RB,2,0,2017,2
Allen, Javorius,18,BAL,RB,2,0,2017,2
Richard, Jalen,19,OAK,RB,2,0,2017,2
McCaffrey, Christian,20,CAR,RB,2,0,2017,2
Freeman, Devonta,21,ATL,RB,2,2,2017,2
Stewart, Jonathan,22,CAR,RB,2,0,2017,2
Coleman, Tevin,23,ATL,RB,1,0,2017,2
Barber, Peyton,24,TB,RB,1,0,2017,2
West, Terrance,25,BAL,RB,1,1,2017,2
Ingram, Mark,26,NO,RB,1,0,2017,2
Hyde, Carlos,27,SF,RB,1,0,2017,2
Elliott, Ezekiel,28,DAL,RB,1,0,2017,2
Fournette, Leonard,29,JAX,RB,1,1,2017,2
Thompson, Chris,30,WAS,RB,1,1,2017,2
Johnson, Duke,31,CLE,RB,1,0,2017,2
Watt, Derek,32,LAC,FB,1,0,2017,2
Bernard, Gio,33,CIN,RB,1,0,2017,2
Williams, Jamaal,34,GB,RB,1,0,2017,2
Mariota, Marcus,35,TEN,QB,1,0,2017,2
Gordon, Melvin,36,LAC,RB,1,1,2017,2
Lewis, Dion,37,NE,RB,1,0,2017,2
Turbin, Robert,38,IND,RB,1,0,2017,2
Newton, Cam,39,CAR,QB,1,0,2017,2
Charles, Jamaal,40,DEN,RB,1,0,2017,2
Kizer, DeShone,41,CLE,QB,1,0,2017,2
Prescott, Dak,42,DAL,QB,1,0,2017,2
Ham, C.J.,43,MIN,RB,1,1,2017,2
Carson, Chris,44,SEA,RB,1,0,2017,2
Vereen, Shane,45,NYG,RB,1,0,2017,2
Montgomery, Ty,46,GB,RB,1,1,2017,2
Gabriel, Taylor,47,ATL,WR,1,0,2017,2
Hyde, Carlos,1,SF,RB,12,2,2017,3
Gurley, Todd,2,LAR,RB,8,2,2017,3
Freeman, Devonta,3,ATL,RB,6,1,2017,3
Cook, Dalvin,4,MIN,RB,6,1,2017,3
Montgomery, Ty,5,GB,RB,5,0,2017,3
Howard, Jordan,6,CHI,RB,5,2,2017,3
Fournette, Leonard,7,JAX,RB,4,1,2017,3
Bell, LeVeon,8,PIT,RB,4,1,2017,3
McCoy, LeSean,9,BUF,RB,4,0,2017,3
Gore, Frank,10,IND,RB,3,1,2017,3
Tolbert, Mike,11,BUF,FB,3,0,2017,3
Hill, Jeremy,12,CIN,RB,3,0,2017,3
Hunt, Kareem,13,KC,RB,3,0,2017,3
Thompson, Chris,14,WAS,RB,2,0,2017,3
Miller, Lamar,15,HOU,RB,2,0,2017,3
Austin, Tavon,16,LAR,WR,2,0,2017,3
Darkwa, Orleans,17,NYG,RB,2,0,2017,3
Charles, Jamaal,18,DEN,RB,2,1,2017,3
Powell, Bilal,19,NYJ,RB,2,1,2017,3
Gordon, Melvin,20,LAC,RB,2,1,2017,3
Perine, Samaje,21,WAS,RB,2,0,2017,3
Stewart, Jonathan,22,CAR,RB,2,0,2017,3
Elliott, Ezekiel,23,DAL,RB,2,1,2017,3
Foreman, DOnta,24,HOU,RB,2,0,2017,3
Blount, LeGarrette,25,PHI,RB,2,1,2017,3
Perkins, Paul,26,NYG,RB,2,0,2017,3
Mixon, Joe,27,CIN,RB,2,0,2017,3
Brissett, Jacoby,28,IND,QB,1,1,2017,3
Newton, Cam,29,CAR,QB,1,1,2017,3
Prescott, Dak,30,DAL,QB,1,1,2017,3
Prosise, C.J.,31,SEA,RB,1,0,2017,3
Henry, Derrick,32,TEN,RB,1,0,2017,3
Johnson, Duke,33,CLE,RB,1,1,2017,3
McCaffrey, Christian,34,CAR,RB,1,0,2017,3
Anderson, C.J.,35,DEN,RB,1,0,2017,3
Mariota, Marcus,36,TEN,QB,1,0,2017,3
Taylor, Tyrod,37,BUF,QB,1,0,2017,3
Ginn, Ted,38,NO,WR,1,0,2017,3
Smallwood, Wendell,39,PHI,RB,1,0,2017,3
Clement, Corey,40,PHI,RB,1,1,2017,3
Janovich, Andy,41,DEN,FB,1,0,2017,3
Forte, Matt,42,NYJ,RB,1,0,2017,3
Glennon, Mike,43,CHI,QB,1,0,2017,3
Ingram, Mark,44,NO,RB,1,0,2017,3
Ivory, Chris,45,JAX,RB,1,0,2017,3
Campanaro, Michael,46,BAL,WR,1,0,2017,3
Gillislee, Mike,47,NE,RB,1,0,2017,3
Zenner, Zach,48,DET,FB,1,0,2017,3
Rodgers, Aaron,49,GB,QB,1,0,2017,3
Patterson, Cordarrelle,50,OAK,WR,1,0,2017,3
Allen, Javorius,51,BAL,RB,1,0,2017,3
Bell, LeVeon,1,PIT,RB,7,2,2017,4
Gallman, Wayne,2,NYG,RB,6,0,2017,4
Elliott, Ezekiel,3,DAL,RB,5,2,2017,4
Miller, Lamar,4,HOU,RB,5,1,2017,4
Hunt, Kareem,5,KC,RB,4,0,2017,4
Freeman, Devonta,6,ATL,RB,4,1,2017,4
Jones, Aaron,7,GB,RB,4,1,2017,4
Turbin, Robert,8,IND,RB,3,1,2017,4
Hyde, Carlos,9,SF,RB,3,0,2017,4
Lewis, Dion,10,NE,RB,3,1,2017,4
Blount, LeGarrette,11,PHI,RB,3,0,2017,4
Gurley, Todd,12,LAR,RB,3,0,2017,4
Stewart, Jonathan,13,CAR,RB,2,0,2017,4
Cook, Dalvin,14,MIN,RB,2,1,2017,4
Murray, Latavius,15,MIN,RB,2,0,2017,4
McCoy, LeSean,16,BUF,RB,2,0,2017,4
Vereen, Shane,17,NYG,RB,2,0,2017,4
Conner, James,18,PIT,RB,2,0,2017,4
Charles, Jamaal,19,DEN,RB,2,0,2017,4
Johnson, Duke,20,CLE,RB,2,1,2017,4
Anderson, C.J.,21,DEN,RB,2,0,2017,4
Gillislee, Mike,22,NE,RB,2,0,2017,4
Kamara, Alvin,23,NO,RB,2,0,2017,4
Abdullah, Ameer,24,DET,RB,2,1,2017,4
Kelley, Rob,25,WAS,RB,2,0,2017,4
Watson, Deshaun,26,HOU,QB,2,1,2017,4
Hill, Jeremy,27,CIN,RB,2,0,2017,4
Foreman, DOnta,28,HOU,RB,1,0,2017,4
Riddick, Theo,29,DET,RB,1,0,2017,4
Mixon, Joe,30,CIN,RB,1,0,2017,4
Dayes, Matt,31,CLE,RB,1,0,2017,4
Coleman, Tevin,32,ATL,RB,1,0,2017,4
DiMarco, Patrick,33,BUF,FB,1,0,2017,4
Smallwood, Wendell,34,PHI,RB,1,1,2017,4
Howard, Jordan,35,CHI,RB,1,1,2017,4
Smith, Alex,36,KC,QB,1,1,2017,4
Newton, Cam,37,CAR,QB,1,1,2017,4
Rodgers, Jacquizz,38,TB,RB,1,0,2017,4
Ingram, Mark,39,NO,RB,1,0,2017,4
Tolbert, Mike,40,BUF,FB,1,0,2017,4
Ivory, Chris,41,JAX,RB,1,0,2017,4
Kizer, DeShone,42,CLE,QB,1,0,2017,4
Cooks, Brandin,43,NE,WR,1,0,2017,4
Breida, Matt,44,SF,RB,1,0,2017,4
McKissic, J.D.,45,SEA,RB,1,0,2017,4
Grant, Corey,46,JAX,RB,1,0,2017,4
Cousins, Kirk,47,WAS,QB,1,0,2017,4
Morris, Alfred,48,DAL,RB,1,0,2017,4
McCaffrey, Christian,49,CAR,RB,1,0,2017,4
Penny, Elijhaa,50,ARI,RB,1,0,2017,4
Williams, Jamaal,51,GB,RB,1,0,2017,4
Powell, Bilal,52,NYJ,RB,1,0,2017,4
Mariota, Marcus,53,TEN,QB,1,1,2017,4
Brees, Drew,54,NO,QB,1,0,2017,4
Clement, Corey,55,PHI,RB,1,0,2017,4
Perine, Samaje,56,WAS,RB,1,0,2017,4
Cohen, Tarik,57,CHI,RB,1,0,2017,4
Allen, Javorius,1,BAL,RB,10,1,2017,5
Elliott, Ezekiel,2,DAL,RB,7,0,2017,5
Gordon, Melvin,3,LAC,RB,5,0,2017,5
Jones, Aaron,4,GB,RB,4,1,2017,5
Fournette, Leonard,5,JAX,RB,4,1,2017,5
Miller, Lamar,6,HOU,RB,3,0,2017,5
Lynch, Marshawn,7,OAK,RB,3,1,2017,5
McKinnon, Jerick,8,MIN,RB,3,0,2017,5
Stewart, Jonathan,9,CAR,RB,3,0,2017,5
Crowell, Isaiah,10,CLE,RB,3,0,2017,5
Mixon, Joe,11,CIN,RB,3,1,2017,5
Bell, LeVeon,12,PIT,RB,2,0,2017,5
Austin, Tavon,13,LAR,WR,2,0,2017,5
Rawls, Thomas,14,SEA,RB,2,0,2017,5
Martin, Doug,15,TB,RB,2,2,2017,5
Blount, LeGarrette,16,PHI,RB,2,0,2017,5
Hunt, Kareem,17,KC,RB,2,0,2017,5
Murray, Latavius,18,MIN,RB,2,0,2017,5
White, James,19,NE,RB,2,0,2017,5
Gillislee, Mike,20,NE,RB,2,0,2017,5
Gore, Frank,21,IND,RB,1,0,2017,5
Clement, Corey,22,PHI,RB,1,0,2017,5
Williams, Kerwynn,23,ARI,RB,1,0,2017,5
Lewis, Dion,24,NE,RB,1,0,2017,5
Ripkowski, Aaron,25,GB,FB,1,0,2017,5
McCoy, LeSean,26,BUF,RB,1,0,2017,5
Prescott, Dak,27,DAL,QB,1,1,2017,5
Newton, Cam,28,CAR,QB,1,0,2017,5
Brissett, Jacoby,29,IND,QB,1,1,2017,5
Turbin, Robert,30,IND,RB,1,0,2017,5
Tolbert, Mike,31,BUF,FB,1,0,2017,5
Smith, Torrey,32,PHI,WR,1,0,2017,5
Ivory, Chris,33,JAX,RB,1,0,2017,5
Ekeler, Austin,34,LAC,RB,1,0,2017,5
Kizer, DeShone,35,CLE,QB,1,0,2017,5
Hogan, Kevin,36,CLE,QB,1,0,2017,5
Juszczyk, Kyle,37,SF,RB,1,0,2017,5
Zenner, Zach,38,DET,FB,1,1,2017,5
Barner, Kenjon,39,PHI,RB,1,0,2017,5
Abdullah, Ameer,40,DET,RB,1,0,2017,5
Breida, Matt,41,SF,RB,1,0,2017,5
West, Terrance,42,BAL,RB,1,0,2017,5
Hyde, Carlos,43,SF,RB,1,0,2017,5
Gurley, Todd,44,LAR,RB,1,1,2017,5
Lockett, Tyler,45,SEA,WR,1,0,2017,5
Ingram, Mark,1,NO,RB,6,2,2017,6
Gordon, Melvin,2,LAC,RB,5,1,2017,6
Peterson, Adrian,3,ARI,RB,5,1,2017,6
Gurley, Todd,4,LAR,RB,4,0,2017,6
Murray, DeMarco,5,TEN,RB,4,1,2017,6
Bell, LeVeon,6,PIT,RB,4,0,2017,6
Blount, LeGarrette,7,PHI,RB,4,0,2017,6
Thompson, Chris,8,WAS,RB,4,0,2017,6
Murray, Latavius,9,MIN,RB,3,0,2017,6
Henry, Derrick,10,TEN,RB,3,0,2017,6
Rodgers, Jacquizz,11,TB,RB,3,0,2017,6
Howard, Jordan,12,CHI,RB,3,0,2017,6
Hunt, Kareem,13,KC,RB,2,0,2017,6
Coleman, Tevin,14,ATL,RB,2,1,2017,6
Darkwa, Orleans,15,NYG,RB,2,0,2017,6
Montgomery, Ty,16,GB,RB,2,0,2017,6
Martin, Doug,17,TB,RB,2,1,2017,6
Hyde, Carlos,18,SF,RB,2,2,2017,6
Cousins, Kirk,19,WAS,QB,2,1,2017,6
Foreman, DOnta,20,HOU,RB,2,0,2017,6
Charles, Jamaal,21,DEN,RB,1,0,2017,6
Hunt, Akeem,22,KC,RB,1,0,2017,6
Gallman, Wayne,23,NYG,RB,1,0,2017,6
Mack, Marlon,24,IND,RB,1,0,2017,6
McKinnon, Jerick,25,MIN,RB,1,1,2017,6
White, James,26,NE,RB,1,0,2017,6
Forte, Matt,27,NYJ,RB,1,0,2017,6
Wentz, Carson,28,PHI,QB,1,0,2017,6
Johnson, Duke,29,CLE,RB,1,0,2017,6
McCaffrey, Christian,30,CAR,RB,1,0,2017,6
Patterson, Cordarrelle,31,OAK,WR,1,0,2017,6
Freeman, Devonta,32,ATL,RB,1,0,2017,6
Newton, Cam,33,CAR,QB,1,1,2017,6
Anderson, C.J.,34,DEN,RB,1,0,2017,6
Lewis, Dion,35,NE,RB,1,1,2017,6
Kamara, Alvin,36,NO,RB,1,0,2017,6
Walker, Delanie,37,TEN,TE,1,0,2017,6
Paul, Niles,38,WAS,TE,1,0,2017,6
Watson, Deshaun,39,HOU,QB,1,0,2017,6
Bell, LeVeon,1,PIT,RB,10,0,2017,7
Elliott, Ezekiel,2,DAL,RB,8,1,2017,7
Ivory, Chris,3,JAX,RB,5,1,2017,7
Gurley, Todd,4,LAR,RB,5,1,2017,7
McCoy, LeSean,5,BUF,RB,4,2,2017,7
Murray, DeMarco,6,TEN,RB,4,0,2017,7
Smith, Rod,7,DAL,RB,4,0,2017,7
Blount, LeGarrette,8,PHI,RB,3,0,2017,7
Murray, Latavius,9,MIN,RB,3,0,2017,7
Rawls, Thomas,10,SEA,RB,3,0,2017,7
Gordon, Melvin,11,LAC,RB,3,0,2017,7
Mixon, Joe,12,CIN,RB,2,0,2017,7
Kamara, Alvin,13,NO,RB,2,0,2017,7
Martin, Doug,14,TB,RB,2,0,2017,7
Taylor, Tyrod,15,BUF,QB,2,0,2017,7
Brown, Malcolm,16,LAR,RB,2,0,2017,7
Jones, Aaron,17,GB,RB,2,0,2017,7
Burkhead, Rex,18,NE,RB,2,0,2017,7
Coleman, Tevin,19,ATL,RB,2,0,2017,7
Howard, Jordan,20,CHI,RB,2,0,2017,7
Lockett, Tyler,21,SEA,WR,2,0,2017,7
Powell, Bilal,22,NYJ,RB,2,0,2017,7
McKinnon, Jerick,23,MIN,RB,2,0,2017,7
Prescott, Dak,24,DAL,QB,2,1,2017,7
Brees, Drew,25,NO,QB,2,1,2017,7
Gillislee, Mike,26,NE,RB,2,0,2017,7
Lewis, Dion,27,NE,RB,2,0,2017,7
Lacy, Eddie,28,SEA,RB,2,0,2017,7
Hyde, Carlos,29,SF,RB,1,0,2017,7
Henry, Derrick,30,TEN,RB,1,0,2017,7
Beathard, C.J.,31,SF,QB,1,1,2017,7
Smallwood, Wendell,32,PHI,RB,1,0,2017,7
Brissett, Jacoby,33,IND,QB,1,0,2017,7
Wilson, Russell,34,SEA,QB,1,0,2017,7
Tolbert, Mike,35,BUF,FB,1,0,2017,7
Washington, DeAndre,36,OAK,RB,1,1,2017,7
Ingram, Mark,37,NO,RB,1,1,2017,7
White, James,38,NE,RB,1,0,2017,7
Goff, Jared,39,LAR,QB,1,1,2017,7
Kelley, Rob,40,WAS,RB,1,0,2017,7
Crowell, Isaiah,41,CLE,RB,1,0,2017,7
McCown, Josh,42,NYJ,QB,1,1,2017,7
Gabriel, Taylor,43,ATL,WR,1,0,2017,7
Richard, Jalen,44,OAK,RB,1,0,2017,7
Thompson, Chris,45,WAS,RB,1,0,2017,7
Trubisky, Mitchell,46,CHI,QB,1,1,2017,7
Freeman, Devonta,47,ATL,RB,1,0,2017,7
Stewart, Jonathan,48,CAR,RB,1,0,2017,7
McCoy, LeSean,1,BUF,RB,7,0,2017,8
Crowell, Isaiah,2,CLE,RB,4,0,2017,8
Howard, Jordan,3,CHI,RB,4,0,2017,8
Washington, Dwayne,4,DET,RB,4,0,2017,8
Artis-Payne, Cameron,5,CAR,RB,4,0,2017,8
Allen, Javorius,6,BAL,RB,4,0,2017,8
Booker, Devontae,7,DEN,RB,4,1,2017,8
Elliott, Ezekiel,8,DAL,RB,4,2,2017,8
Rawls, Thomas,9,SEA,RB,3,0,2017,8
Gore, Frank,10,IND,RB,3,0,2017,8
Miller, Lamar,11,HOU,RB,3,1,2017,8
Gillislee, Mike,12,NE,RB,3,0,2017,8
Kamara, Alvin,13,NO,RB,2,1,2017,8
Murray, Latavius,14,MIN,RB,2,0,2017,8
Bell, LeVeon,15,PIT,RB,2,1,2017,8
Kelley, Rob,16,WAS,RB,2,1,2017,8
Mack, Marlon,17,IND,RB,2,0,2017,8
Freeman, Devonta,18,ATL,RB,2,0,2017,8
Lewis, Dion,19,NE,RB,2,0,2017,8
Cohen, Tarik,20,CHI,RB,2,1,2017,8
Mixon, Joe,21,CIN,RB,2,0,2017,8
Hunt, Kareem,22,KC,RB,2,0,2017,8
Blount, LeGarrette,23,PHI,RB,1,1,2017,8
Ingram, Mark,24,NO,RB,1,1,2017,8
Thompson, Chris,25,WAS,RB,1,0,2017,8
Johnson, Duke,26,CLE,RB,1,0,2017,8
Trubisky, Mitchell,27,CHI,QB,1,0,2017,8
Lacy, Eddie,28,SEA,RB,1,0,2017,8
Smith, Alex,29,KC,QB,1,0,2017,8
Olawale, Jamize,30,OAK,RB,1,1,2017,8
McKinnon, Jerick,31,MIN,RB,1,1,2017,8
Stewart, Jonathan,32,CAR,RB,1,1,2017,8
Taylor, Tyrod,33,BUF,QB,1,1,2017,8
Brady, Tom,34,NE,QB,1,0,2017,8
Morris, Alfred,35,DAL,RB,1,0,2017,8
Riddick, Theo,36,DET,RB,1,0,2017,8
Coleman, Tevin,37,ATL,RB,1,0,2017,8
Kizer, DeShone,38,CLE,QB,1,1,2017,8
Burkhead, Rex,39,NE,RB,1,0,2017,8
White, James,40,NE,RB,1,0,2017,8
Breida, Matt,41,SF,RB,1,0,2017,8
Gurley, Todd,1,LAR,RB,8,2,2017,9
Peterson, Adrian,2,ARI,RB,8,0,2017,9
Ivory, Chris,3,JAX,RB,6,0,2017,9
Elliott, Ezekiel,4,DAL,RB,6,1,2017,9
Kelley, Rob,5,WAS,RB,5,2,2017,9
Abdullah, Ameer,6,DET,RB,5,1,2017,9
McCaffrey, Christian,7,CAR,RB,4,1,2017,9
Yeldon, T.J.,8,JAX,RB,4,0,2017,9
Mack, Marlon,9,IND,RB,4,0,2017,9
Clement, Corey,10,PHI,RB,3,2,2017,9
Collins, Alex,11,BAL,RB,3,0,2017,9
Henry, Derrick,12,TEN,RB,2,0,2017,9
Taylor, Tyrod,13,BUF,QB,2,1,2017,9
Anderson, C.J.,14,DEN,RB,2,0,2017,9
Forte, Matt,15,NYJ,RB,2,2,2017,9
Powell, Bilal,16,NYJ,RB,2,0,2017,9
Charles, Jamaal,17,DEN,RB,2,0,2017,9
Ajayi, Jay,18,PHI,RB,2,0,2017,9
Blount, LeGarrette,19,PHI,RB,2,0,2017,9
Riddick, Theo,20,DET,RB,2,0,2017,9
Hyde, Carlos,21,SF,RB,2,0,2017,9
Murray, DeMarco,22,TEN,RB,1,0,2017,9
Williams, Jamaal,23,GB,RB,1,1,2017,9
Foreman, DOnta,24,HOU,RB,1,0,2017,9
Beathard, C.J.,25,SF,QB,1,1,2017,9
Everett, Gerald,26,LAR,TE,1,0,2017,9
Hundley, Brett,27,GB,QB,1,1,2017,9
Kamara, Alvin,28,NO,RB,1,1,2017,9
Lynch, Marshawn,29,OAK,RB,1,1,2017,9
Montgomery, Ty,30,GB,RB,1,0,2017,9
Newton, Cam,31,CAR,QB,1,0,2017,9
Mixon, Joe,32,CIN,RB,1,0,2017,9
Stafford, Matthew,33,DET,QB,1,0,2017,9
Line, Zach,34,NO,FB,1,0,2017,9
Hill, Tyreek,35,KC,WR,1,0,2017,9
Hunt, Kareem,36,KC,RB,1,0,2017,9
McCoy, LeSean,37,BUF,RB,1,0,2017,9
Allen, Javorius,38,BAL,RB,1,0,2017,9
Gallman, Wayne,39,NYG,RB,1,0,2017,9
McKissic, J.D.,40,SEA,RB,1,0,2017,9
Washington, DeAndre,41,OAK,RB,1,0,2017,9
Barber, Peyton,42,TB,RB,1,0,2017,9
Williams, Kerwynn,43,ARI,RB,1,0,2017,9
Washington, Dwayne,44,DET,RB,1,0,2017,9
Stewart, Jonathan,45,CAR,RB,1,0,2017,9
Bell, LeVeon,1,PIT,RB,7,0,2017,10
Ingram, Mark,2,NO,RB,6,3,2017,10
Murray, Latavius,3,MIN,RB,4,1,2017,10
Lewis, Dion,4,NE,RB,4,1,2017,10
Martin, Doug,5,TB,RB,4,0,2017,10
Crowell, Isaiah,6,CLE,RB,4,1,2017,10
Coleman, Tevin,7,ATL,RB,4,1,2017,10
Kamara, Alvin,8,NO,RB,4,1,2017,10
Ward, Terron,9,ATL,RB,4,0,2017,10
Stewart, Jonathan,10,CAR,RB,3,0,2017,10
Murray, DeMarco,11,TEN,RB,3,2,2017,10
McKinnon, Jerick,12,MIN,RB,3,0,2017,10
Perine, Samaje,13,WAS,RB,2,0,2017,10
Burkhead, Rex,14,NE,RB,2,0,2017,10
Fournette, Leonard,15,JAX,RB,2,0,2017,10
Gurley, Todd,16,LAR,RB,2,0,2017,10
Cousins, Kirk,17,WAS,QB,2,2,2017,10
Drake, Kenyan,18,MIA,RB,2,0,2017,10
Rawls, Thomas,19,SEA,RB,2,0,2017,10
Darkwa, Orleans,20,NYG,RB,2,0,2017,10
Abdullah, Ameer,21,DET,RB,2,1,2017,10
Newton, Cam,22,CAR,QB,2,0,2017,10
McCoy, LeSean,23,BUF,RB,1,0,2017,10
Miller, Lamar,24,HOU,RB,1,0,2017,10
Booker, Devontae,25,DEN,RB,1,0,2017,10
Beathard, C.J.,26,SF,QB,1,1,2017,10
White, James,27,NE,RB,1,0,2017,10
Charles, Jamaal,28,DEN,RB,1,0,2017,10
Kizer, DeShone,29,CLE,QB,1,1,2017,10
Kelley, Rob,30,WAS,RB,1,0,2017,10
Peterson, Adrian,31,ARI,RB,1,0,2017,10
Breida, Matt,32,SF,RB,1,0,2017,10
Hyde, Carlos,33,SF,RB,1,0,2017,10
Artis-Payne, Cameron,34,CAR,RB,1,1,2017,10
Thompson, Chris,35,WAS,RB,1,0,2017,10
Bortles, Blake,36,JAX,QB,1,0,2017,10
McCaffrey, Christian,37,CAR,RB,1,1,2017,10
Gordon, Melvin,38,LAC,RB,1,0,2017,10
Ripkowski, Aaron,39,GB,FB,1,0,2017,10
Mixon, Joe,40,CIN,RB,1,1,2017,10
Morris, Alfred,41,DAL,RB,1,0,2017,10
Gordon, Melvin,1,LAC,RB,7,1,2017,11
Martin, Doug,2,TB,RB,7,0,2017,11
Coleman, Tevin,3,ATL,RB,6,2,2017,11
Perine, Samaje,4,WAS,RB,5,1,2017,11
Booker, Devontae,5,DEN,RB,5,0,2017,11
Bell, LeVeon,6,PIT,RB,5,1,2017,11
Darkwa, Orleans,7,NYG,RB,4,1,2017,11
Gurley, Todd,8,LAR,RB,4,1,2017,11
White, James,9,NE,RB,3,0,2017,11
Murray, Latavius,10,MIN,RB,3,2,2017,11
Taylor, Tyrod,11,BUF,QB,3,1,2017,11
Howard, Jordan,12,CHI,RB,3,1,2017,11
Davis, Mike,13,SEA,RB,3,0,2017,11
Collins, Alex,14,BAL,RB,3,1,2017,11
Clement, Corey,15,PHI,RB,2,1,2017,11
Miller, Lamar,16,HOU,RB,2,0,2017,11
Anderson, C.J.,17,DEN,RB,2,1,2017,11
Conner, James,18,PIT,RB,2,0,2017,11
Peterson, Adrian,19,ARI,RB,2,0,2017,11
McKissic, J.D.,20,SEA,RB,2,0,2017,11
Williams, Damien,21,MIA,RB,2,0,2017,11
Cohen, Tarik,22,CHI,RB,2,1,2017,11
Blount, LeGarrette,23,PHI,RB,2,0,2017,11
Mixon, Joe,24,CIN,RB,2,0,2017,11
Lynch, Marshawn,25,OAK,RB,1,0,2017,11
Lacy, Eddie,26,SEA,RB,1,0,2017,11
Barner, Kenjon,27,PHI,RB,1,1,2017,11
Trubisky, Mitchell,28,CHI,QB,1,0,2017,11
Drake, Kenyan,29,MIA,RB,1,0,2017,11
Wilson, Russell,30,SEA,QB,1,1,2017,11
McKinnon, Jerick,31,MIN,RB,1,0,2017,11
Morris, Alfred,32,DAL,RB,1,0,2017,11
Henry, Derrick,33,TEN,RB,1,0,2017,11
Murray, DeMarco,34,TEN,RB,1,0,2017,11
McCoy, LeSean,35,BUF,RB,1,0,2017,11
Foreman, DOnta,36,HOU,RB,1,1,2017,11
Lewis, Dion,37,NE,RB,1,0,2017,11
Abdullah, Ameer,38,DET,RB,1,0,2017,11
Kamara, Alvin,39,NO,RB,1,0,2017,11
Ajayi, Jay,40,PHI,RB,1,0,2017,11
Hunt, Kareem,41,KC,RB,1,0,2017,11
Allen, Javorius,42,BAL,RB,1,0,2017,11
Riddick, Theo,43,DET,RB,1,0,2017,11
Murray, Latavius,1,MIN,RB,8,1,2017,12
Mixon, Joe,2,CIN,RB,7,1,2017,12
Crowell, Isaiah,3,CLE,RB,5,0,2017,12
Perine, Samaje,4,WAS,RB,5,0,2017,12
Lynch, Marshawn,5,OAK,RB,4,1,2017,12
Lewis, Dion,6,NE,RB,4,0,2017,12
Gordon, Melvin,7,LAC,RB,4,0,2017,12
Ekeler, Austin,8,LAC,RB,4,0,2017,12
Bortles, Blake,9,JAX,QB,4,2,2017,12
Gurley, Todd,10,LAR,RB,4,0,2017,12
Coleman, Tevin,11,ATL,RB,3,2,2017,12
Williams, Jamaal,12,GB,RB,3,1,2017,12
Stewart, Jonathan,13,CAR,RB,3,1,2017,12
Barber, Peyton,14,TB,RB,3,2,2017,12
Henry, Derrick,15,TEN,RB,3,0,2017,12
Gore, Frank,16,IND,RB,3,1,2017,12
Smith, Rod,17,DAL,RB,2,1,2017,12
Newton, Cam,18,CAR,QB,2,1,2017,12
Burkhead, Rex,19,NE,RB,2,1,2017,12
McKissic, J.D.,20,SEA,RB,2,0,2017,12
Collins, Alex,21,BAL,RB,2,1,2017,12
Murray, DeMarco,22,TEN,RB,2,1,2017,12
Blount, LeGarrette,23,PHI,RB,2,0,2017,12
Lacy, Eddie,24,SEA,RB,2,0,2017,12
Kizer, DeShone,25,CLE,QB,1,1,2017,12
McCaffrey, Christian,26,CAR,RB,1,0,2017,12
Powell, Bilal,27,NYJ,RB,1,0,2017,12
Ingram, Mark,28,NO,RB,1,0,2017,12
Keenum, Case,29,MIN,QB,1,1,2017,12
Wilson, Russell,30,SEA,QB,1,1,2017,12
Booker, Devontae,31,DEN,RB,1,0,2017,12
Darkwa, Orleans,32,NYG,RB,1,0,2017,12
Bryant, Martavis,33,PIT,WR,1,0,2017,12
McKinnon, Jerick,34,MIN,RB,1,0,2017,12
Clement, Corey,35,PHI,RB,1,0,2017,12
Ward, Terron,36,ATL,RB,1,0,2017,12
McCoy, LeSean,37,BUF,RB,1,0,2017,12
Bernard, Gio,38,CIN,RB,1,0,2017,12
Miller, Lamar,39,HOU,RB,1,1,2017,12
Allen, Javorius,40,BAL,RB,1,1,2017,12
Abdullah, Ameer,41,DET,RB,1,0,2017,12
Richard, Jalen,42,OAK,RB,1,0,2017,12
Ajayi, Jay,43,PHI,RB,1,0,2017,12
Morris, Alfred,1,DAL,RB,8,1,2017,13
Powell, Bilal,2,NYJ,RB,7,1,2017,13
Hyde, Carlos,3,SF,RB,6,0,2017,13
Fournette, Leonard,4,JAX,RB,6,1,2017,13
Williams, Jamaal,5,GB,RB,5,1,2017,13
Gurley, Todd,6,LAR,RB,5,0,2017,13
Smith, Rod,7,DAL,RB,5,1,2017,13
Ingram, Mark,8,NO,RB,5,1,2017,13
Murray, Latavius,9,MIN,RB,4,0,2017,13
Burkhead, Rex,10,NE,RB,4,2,2017,13
Kamara, Alvin,11,NO,RB,4,2,2017,13
Collins, Alex,12,BAL,RB,4,2,2017,13
McCown, Josh,13,NYJ,QB,3,2,2017,13
Forte, Matt,14,NYJ,RB,3,0,2017,13
Gordon, Melvin,15,LAC,RB,3,0,2017,13
Allen, Javorius,16,BAL,RB,3,0,2017,13
Blount, LeGarrette,17,PHI,RB,3,0,2017,13
Williams, Kerwynn,18,ARI,RB,2,0,2017,13
Blue, Alfred,19,HOU,RB,2,0,2017,13
Ellington, Andre,20,HOU,RB,2,0,2017,13
Barber, Peyton,21,TB,RB,2,0,2017,13
McCoy, LeSean,22,BUF,RB,2,0,2017,13
Darkwa, Orleans,23,NYG,RB,2,1,2017,13
Green, Tion,24,DET,RB,2,1,2017,13
Gallman, Wayne,25,NYG,RB,2,0,2017,13
Drake, Kenyan,26,MIA,RB,2,0,2017,13
Penny, Elijhaa,27,ARI,RB,2,1,2017,13
Gore, Frank,28,IND,RB,2,0,2017,13
Wentz, Carson,29,PHI,QB,1,0,2017,13
Mixon, Joe,30,CIN,RB,1,0,2017,13
Cadet, Travaris,31,BUF,RB,1,0,2017,13
Hunt, Kareem,32,KC,RB,1,0,2017,13
Anderson, Robby,33,NYJ,WR,1,0,2017,13
Booker, Devontae,34,DEN,RB,1,0,2017,13
Miller, Lamar,35,HOU,RB,1,0,2017,13
Bernard, Gio,36,CIN,RB,1,0,2017,13
Howard, Jordan,37,CHI,RB,1,0,2017,13
McKinnon, Jerick,38,MIN,RB,1,0,2017,13
Newton, Cam,39,CAR,QB,1,0,2017,13
Rodgers, Jacquizz,40,TB,RB,1,0,2017,13
Washington, DeAndre,41,OAK,RB,1,1,2017,13
Ivory, Chris,42,JAX,RB,1,0,2017,13
Ekeler, Austin,43,LAC,RB,1,0,2017,13
White, James,44,NE,RB,1,0,2017,13
Goff, Jared,45,LAR,QB,1,0,2017,13
Woodhead, Danny,46,BAL,RB,1,0,2017,13
Juszczyk, Kyle,47,SF,RB,1,0,2017,13
Breida, Matt,48,SF,RB,1,0,2017,13
Jones, Aaron,49,GB,RB,1,1,2017,13
McKissic, J.D.,50,SEA,RB,1,0,2017,13
Lynch, Marshawn,51,OAK,RB,1,0,2017,13
Cousins, Kirk,52,WAS,QB,1,0,2017,13
Bortles, Blake,53,JAX,QB,1,0,2017,13
Johnson, Duke,54,CLE,RB,1,0,2017,13
McCaffrey, Christian,55,CAR,RB,1,0,2017,13
Davis, Mike,56,SEA,RB,1,0,2017,13
Stewart, Jonathan,57,CAR,RB,1,1,2017,13
Dalton, Andy,58,CIN,QB,1,0,2017,13
Lewis, Dion,59,NE,RB,1,0,2017,13
Riddick, Theo,60,DET,RB,1,1,2017,13
Williams, Jamaal,1,GB,RB,7,1,2017,14
Freeman, Devonta,2,ATL,RB,6,1,2017,14
Gordon, Melvin,3,LAC,RB,5,1,2017,14
Howard, Jordan,4,CHI,RB,5,1,2017,14
Stewart, Jonathan,5,CAR,RB,5,2,2017,14
Fournette, Leonard,6,JAX,RB,4,1,2017,14
Blount, LeGarrette,7,PHI,RB,4,0,2017,14
Williams, Kerwynn,8,ARI,RB,4,0,2017,14
Morris, Alfred,9,DAL,RB,4,0,2017,14
Collins, Alex,10,BAL,RB,3,1,2017,14
Martin, Doug,11,TB,RB,3,1,2017,14
Barber, Peyton,12,TB,RB,3,0,2017,14
Breida, Matt,13,SF,RB,3,0,2017,14
Anderson, C.J.,14,DEN,RB,3,0,2017,14
Gurley, Todd,15,LAR,RB,3,3,2017,14
Darkwa, Orleans,16,NYG,RB,3,0,2017,14
Hundley, Brett,17,GB,QB,3,1,2017,14
Henry, Derrick,18,TEN,RB,2,1,2017,14
Ingram, Mark,19,NO,RB,2,0,2017,14
Williams, Andre,20,LAC,RB,2,0,2017,14
Drake, Kenyan,21,MIA,RB,2,0,2017,14
Bell, LeVeon,22,PIT,RB,2,2,2017,14
Allen, Javorius,23,BAL,RB,2,2,2017,14
Clement, Corey,24,PHI,RB,2,0,2017,14
Riddick, Theo,25,DET,RB,2,2,2017,14
Hunt, Kareem,26,KC,RB,2,1,2017,14
Hyde, Carlos,27,SF,RB,1,1,2017,14
Burton, Michael,28,CHI,FB,1,0,2017,14
Ajayi, Jay,29,PHI,RB,1,0,2017,14
Penny, Elijhaa,30,ARI,RB,1,0,2017,14
Vereen, Shane,31,NYG,RB,1,0,2017,14
Trubisky, Mitchell,32,CHI,QB,1,1,2017,14
Newton, Cam,33,CAR,QB,1,0,2017,14
West, Charcandrick,34,KC,RB,1,1,2017,14
Murray, Latavius,35,MIN,RB,1,0,2017,14
Davis, Mike,36,SEA,RB,1,0,2017,14
Janovich, Andy,37,DEN,FB,1,1,2017,14
Booker, Devontae,38,DEN,RB,1,0,2017,14
Coleman, Tevin,39,ATL,RB,1,0,2017,14
Cohen, Tarik,40,CHI,RB,1,0,2017,14
Smith, Rod,41,DAL,RB,1,1,2017,14
Burkhead, Rex,42,NE,RB,1,1,2017,14
Gallman, Wayne,43,NYG,RB,1,0,2017,14
Brown, Malcolm,44,LAR,RB,1,0,2017,14
Hunt, Kareem,1,KC,RB,7,1,2017,15
Bell, LeVeon,2,PIT,RB,6,1,2017,15
Gurley, Todd,3,LAR,RB,6,2,2017,15
Ivory, Chris,4,JAX,RB,5,0,2017,15
Collins, Alex,5,BAL,RB,5,0,2017,15
Powell, Bilal,6,NYJ,RB,4,1,2017,15
Drake, Kenyan,7,MIA,RB,4,1,2017,15
Darkwa, Orleans,8,NYG,RB,3,1,2017,15
Murray, Latavius,9,MIN,RB,3,1,2017,15
Morris, Alfred,10,DAL,RB,3,0,2017,15
Ingram, Mark,11,NO,RB,3,1,2017,15
Freeman, Devonta,12,ATL,RB,3,1,2017,15
McCoy, LeSean,13,BUF,RB,3,1,2017,15
Gordon, Melvin,14,LAC,RB,3,1,2017,15
Booker, Devontae,15,DEN,RB,3,0,2017,15
Hyde, Carlos,16,SF,RB,3,0,2017,15
Burkhead, Rex,17,NE,RB,3,1,2017,15
Lewis, Dion,18,NE,RB,3,1,2017,15
Stewart, Jonathan,19,CAR,RB,3,0,2017,15
Williams, Kerwynn,20,ARI,RB,2,0,2017,15
Smith, Rod,21,DAL,RB,2,1,2017,15
Anderson, C.J.,22,DEN,RB,2,0,2017,15
Bernard, Gio,23,CIN,RB,2,1,2017,15
Bohanon, Tommy,24,JAX,FB,2,2,2017,15
Forte, Matt,25,NYJ,RB,2,0,2017,15
Flacco, Joe,26,BAL,QB,2,1,2017,15
Ajayi, Jay,27,PHI,RB,2,0,2017,15
Allen, Javorius,28,BAL,RB,2,0,2017,15
Barber, Peyton,29,TB,RB,2,0,2017,15
Lynch, Marshawn,30,OAK,RB,2,0,2017,15
Clement, Corey,31,PHI,RB,2,0,2017,15
Perine, Samaje,32,WAS,RB,2,0,2017,15
Henry, Derrick,33,TEN,RB,2,0,2017,15
Grant, Corey,34,JAX,RB,1,1,2017,15
Kamara, Alvin,35,NO,RB,1,0,2017,15
Yeldon, T.J.,36,JAX,RB,1,0,2017,15
Penny, Elijhaa,37,ARI,RB,1,0,2017,15
Williams, Jamaal,38,GB,RB,1,0,2017,15
Abdullah, Ameer,39,DET,RB,1,0,2017,15
Trubisky, Mitchell,40,CHI,QB,1,0,2017,15
Daniels, LeShun,41,WAS,RB,1,0,2017,15
Woodhead, Danny,42,BAL,RB,1,0,2017,15
Vereen, Shane,43,NYG,RB,1,0,2017,15
Blount, LeGarrette,44,PHI,RB,1,0,2017,15
McKinnon, Jerick,45,MIN,RB,1,0,2017,15
Taylor, Tyrod,46,BUF,QB,1,1,2017,15
Newton, Cam,47,CAR,QB,1,0,2017,15
Gallman, Wayne,48,NYG,RB,1,0,2017,15
Murray, DeMarco,49,TEN,RB,1,0,2017,15
Mack, Marlon,50,IND,RB,1,0,2017,15
Brown, Malcolm,51,LAR,RB,1,0,2017,15
Lewis, Tommylee,52,NO,WR,1,0,2017,15
Hunt, Kareem,1,KC,RB,7,1,2017,16
Murray, Latavius,2,MIN,RB,7,0,2017,16
Hyde, Carlos,3,SF,RB,5,1,2017,16
Lewis, Dion,4,NE,RB,5,1,2017,16
Barber, Peyton,5,TB,RB,5,0,2017,16
Gurley, Todd,6,LAR,RB,4,0,2017,16
Newton, Cam,7,CAR,QB,4,0,2017,16
Allen, Javorius,8,BAL,RB,4,0,2017,16
Breida, Matt,9,SF,RB,4,0,2017,16
Bell, LeVeon,10,PIT,RB,4,1,2017,16
Freeman, Devonta,11,ATL,RB,4,0,2017,16
Howard, Jordan,12,CHI,RB,4,2,2017,16
Collins, Alex,13,BAL,RB,4,0,2017,16
Henry, Derrick,14,TEN,RB,3,0,2017,16
Bernard, Gio,15,CIN,RB,3,1,2017,16
Ingram, Mark,16,NO,RB,3,0,2017,16
Green, Tion,17,DET,RB,3,1,2017,16
Gordon, Melvin,18,LAC,RB,3,1,2017,16
Gillislee, Mike,19,NE,RB,2,1,2017,16
Forte, Matt,20,NYJ,RB,2,0,2017,16
Darkwa, Orleans,21,NYG,RB,2,0,2017,16
Ridley, Stevan,22,PIT,RB,2,0,2017,16
Lynch, Marshawn,23,OAK,RB,2,0,2017,16
Yeldon, T.J.,24,JAX,RB,2,1,2017,16
Williams, Jamaal,25,GB,RB,2,0,2017,16
Trubisky, Mitchell,26,CHI,QB,2,1,2017,16
McCoy, LeSean,27,BUF,RB,2,0,2017,16
Gore, Frank,28,IND,RB,2,0,2017,16
Perine, Samaje,29,WAS,RB,2,0,2017,16
Hill, Brian,30,CIN,RB,2,0,2017,16
Miller, Lamar,31,HOU,RB,2,0,2017,16
Drake, Kenyan,32,MIA,RB,2,0,2017,16
Rawls, Thomas,33,SEA,RB,2,0,2017,16
Murray, DeMarco,34,TEN,RB,1,1,2017,16
Powell, Bilal,35,NYJ,RB,1,0,2017,16
McKinnon, Jerick,36,MIN,RB,1,0,2017,16
Elliott, Ezekiel,37,DAL,RB,1,0,2017,16
Cohen, Tarik,38,CHI,RB,1,0,2017,16
Garoppolo, Jimmy,39,SF,QB,1,1,2017,16
Anderson, C.J.,40,DEN,RB,1,1,2017,16
Stanton, Drew,41,ARI,QB,1,0,2017,16
Kamara, Alvin,42,NO,RB,1,0,2017,16
Fournette, Leonard,43,JAX,RB,1,1,2017,16
Bibbs, Kapri,44,WAS,RB,1,0,2017,16
Brown, Malcolm,45,LAR,RB,1,0,2017,16
Hill, Tyreek,46,KC,WR,1,0,2017,16
Williams, Kerwynn,47,ARI,RB,1,0,2017,16
Stewart, Jonathan,48,CAR,RB,1,0,2017,16
Brissett, Jacoby,49,IND,QB,1,0,2017,16
Dalton, Andy,50,CIN,QB,1,0,2017,16
Prescott, Dak,51,DAL,QB,1,0,2017,16
Nix, Roosevelt,52,PIT,FB,1,1,2017,16
Hollister, Jacob,53,NE,TE,1,0,2017,16
Blue, Alfred,54,HOU,RB,1,0,2017,16
Lewis, Dion,1,NE,RB,7,1,2017,17
Lynch, Marshawn,2,OAK,RB,4,0,2017,17
Elliott, Ezekiel,3,DAL,RB,4,0,2017,17
Mack, Marlon,4,IND,RB,4,1,2017,17
Murray, Latavius,5,MIN,RB,4,2,2017,17
Barber, Peyton,6,TB,RB,4,1,2017,17
Sherman, Anthony,7,KC,FB,4,1,2017,17
Gordon, Melvin,8,LAC,RB,4,0,2017,17
Ridley, Stevan,9,PIT,RB,3,1,2017,17
Henry, Derrick,10,TEN,RB,3,0,2017,17
Toussaint, Fitzgerald,11,PIT,RB,3,0,2017,17
Kamara, Alvin,12,NO,RB,3,1,2017,17
Williams, Kerwynn,13,ARI,RB,2,0,2017,17
Crowell, Isaiah,14,CLE,RB,2,0,2017,17
Abdullah, Ameer,15,DET,RB,2,1,2017,17
Freeman, Devonta,16,ATL,RB,2,0,2017,17
Dunbar, Lance,17,LAR,RB,2,1,2017,17
Mixon, Joe,18,CIN,RB,2,0,2017,17
Henderson, DeAngelo,19,DEN,RB,2,0,2017,17
Gallman, Wayne,20,NYG,RB,2,0,2017,17
Murphy, Marcus,21,BUF,RB,2,0,2017,17
Coleman, Tevin,22,ATL,RB,2,0,2017,17
Collins, Alex,23,BAL,RB,2,1,2017,17
Oliver, Branden,24,LAC,RB,2,0,2017,17
Blue, Alfred,25,HOU,RB,2,1,2017,17
Hyde, Carlos,26,SF,RB,2,2,2017,17
Austin, Tavon,27,LAR,WR,2,0,2017,17
Artis-Payne, Cameron,28,CAR,RB,2,0,2017,17
McCaffrey, Christian,29,CAR,RB,2,0,2017,17
Nix, Roosevelt,30,PIT,FB,2,0,2017,17
Johnson, Duke,31,CLE,RB,1,1,2017,17
Booker, Devontae,32,DEN,RB,1,0,2017,17
Bolden, Brandon,33,NE,RB,1,0,2017,17
Howard, Jordan,34,CHI,RB,1,0,2017,17
McKinnon, Jerick,35,MIN,RB,1,0,2017,17
Newton, Cam,36,CAR,QB,1,0,2017,17
Hundley, Brett,37,GB,QB,1,0,2017,17
Darkwa, Orleans,38,NYG,RB,1,0,2017,17
Drake, Kenyan,39,MIA,RB,1,0,2017,17
Cooks, Brandin,40,NE,WR,1,0,2017,17
Fales, David,41,MIA,QB,1,1,2017,17
Breida, Matt,42,SF,RB,1,0,2017,17
Wilson, Bobo,43,TB,WR,1,0,2017,17
Cousins, Kirk,44,WAS,QB,1,1,2017,17
Yeldon, T.J.,45,JAX,RB,1,0,2017,17
Penny, Elijhaa,46,ARI,RB,1,1,2017,17
Davis, Mike,47,SEA,RB,1,0,2017,17
Gore, Frank,48,IND,RB,1,0,2017,17
Williams, Kyle,49,BUF,DT,1,1,2017,17
Riddick, Theo,50,DET,RB,1,0,2017,17
McCoy, LeSean,51,BUF,RB,1,0,2017,17
